Iteration,KMC Time,Bucket,monCount_A,monCount_B,seqCount_A,seqCount_B,seqLengths2_A,seqLengths2_B
1,100.000008,0,27083,1750,915,705,2284,1032
1,100.000008,1,31091,2293,1504,1528,24585,4169
1,100.000008,2,31196,2317,1539,1542,71704,4744
1,100.000008,3,31637,2343,1542,1570,132436,4847
1,100.000008,4,30938,2265,1531,1460,205583,4298
1,100.000008,5,31249,2343,1552,1547,283291,4580
1,100.000008,6,32133,2422,1573,1552,371711,5287
1,100.000008,7,31305,2301,1541,1583,432590,4683
1,100.000008,8,31273,2311,1551,1580,493676,4506
1,100.000008,9,30235,2292,1520,1467,554096,4484
1,100.000008,10,32658,2655,1759,1666,691428,5047
1,100.000008,11,30445,2426,1556,1683,736986,5300
1,100.000008,12,32095,2491,1639,1624,805347,5134
1,100.000008,13,31122,2435,1605,1577,833105,4886
1,100.000008,14,29250,2336,1492,1461,776420,4599
1,100.000008,15,33044,2920,1869,1793,1063975,6117
1,100.000008,16,31309,2594,1634,1744,929537,5738
1,100.000008,17,30377,2542,1623,1546,994883,5183
1,100.000008,18,31870,2668,1707,1693,944221,5738
1,100.000008,19,29614,2643,1612,1606,956423,5485
1,100.000008,20,32092,2793,1801,1785,1137760,6343
1,100.000008,21,31116,2820,1766,1749,1174740,5744
1,100.000008,22,31252,2700,1699,1736,1045934,6092
1,100.000008,23,30193,2695,1653,1656,1010392,5819
1,100.000008,24,31191,2720,1727,1728,1073087,6254
1,100.000008,25,31366,2839,1751,1727,1074635,5834
1,100.000008,26,30871,2757,1686,1700,1056795,6435
1,100.000008,27,30907,2958,1823,1757,1143047,6253
1,100.000008,28,30810,2920,1759,1800,1094523,6794
1,100.000008,29,27407,1715,10744,1890,6853135,7191
2,200.000340,0,52802,3637,2147,1944,19499,4211
2,200.000340,1,57179,4250,2837,2810,158888,8843
2,200.000340,2,57294,4164,2768,2791,374157,8142
2,200.000340,3,57452,4321,2848,2800,654543,8815
2,200.000340,4,56975,4158,2799,2796,877346,8350
2,200.000340,5,56926,4490,2956,2951,1136864,8915
2,200.000340,6,57869,4552,2969,2998,1369643,9498
2,200.000340,7,56946,4472,2908,2922,1571350,9116
2,200.000340,8,56758,4684,3001,2923,1665431,9420
2,200.000340,9,55745,4709,3015,2976,1821559,9920
2,200.000340,10,58155,4979,3150,3155,1805257,10739
2,200.000340,11,55952,4856,3030,3043,1953818,10476
2,200.000340,12,57322,5093,3213,3183,2034141,11066
2,200.000340,13,56438,4974,3083,3088,1995956,10961
2,200.000340,14,54524,4936,3076,3020,1997477,10440
2,200.000340,15,58326,5416,3324,3340,2018829,12563
2,200.000340,16,56531,5230,3233,3247,2071874,11798
2,200.000340,17,55477,5292,3250,3205,2029209,11330
2,200.000340,18,57020,5434,3345,3352,2039963,12351
2,200.000340,19,54908,5200,3258,3282,1996859,11952
2,200.000340,20,57199,5632,3425,3373,2031950,12600
2,200.000340,21,56053,5689,3484,3437,1939648,12582
2,200.000340,22,56131,5636,3348,3390,1826696,13339
2,200.000340,23,54933,5842,3518,3456,2129832,13141
2,200.000340,24,55886,5818,3430,3446,1944310,14061
2,200.000340,25,56147,5995,3543,3529,1910256,13910
2,200.000340,26,55290,6183,3627,3594,1895627,14667
2,200.000340,27,55373,6385,3736,3705,1787041,15379
2,200.000340,28,55523,6255,3656,3677,1729258,15602
2,200.000340,29,51761,5031,12537,3889,5803062,16448
3,300.000535,0,74675,5237,3213,3022,55915,7634
3,300.000535,1,79084,5804,3870,3846,384988,11495
3,300.000535,2,79018,5879,3881,3889,866474,12125
3,300.000535,3,79377,5935,3945,3896,1318647,11589
3,300.000535,4,78332,6207,4087,4043,1818538,12428
3,300.000535,5,78749,6185,4063,4089,2187409,12779
3,300.000535,6,79356,6546,4171,4169,2381915,14073
3,300.000535,7,78134,6745,4264,4240,2610362,14233
3,300.000535,8,78046,6834,4280,4233,2728269,14455
3,300.000535,9,77168,6782,4240,4261,2613574,15039
3,300.000535,10,79439,7151,4429,4411,2962167,15261
3,300.000535,11,77048,7219,4416,4414,2795746,16630
3,300.000535,12,78564,7310,4531,4487,2796348,16007
3,300.000535,13,77483,7412,4560,4551,2804900,16541
3,300.000535,14,75645,7232,4506,4462,2714585,16235
3,300.000535,15,79192,8118,4912,4923,2806729,18472
3,300.000535,16,77429,7809,4695,4662,2656848,18400
3,300.000535,17,76340,7872,4744,4758,2733708,18513
3,300.000535,18,77503,8426,4934,4866,2739883,19369
3,300.000535,19,75228,8333,4916,4933,2367968,20200
3,300.000535,20,77348,8956,5226,5093,2523512,20353
3,300.000535,21,75962,9250,5274,5281,2540691,23835
3,300.000535,22,75917,9305,5268,5288,2252593,23027
3,300.000535,23,74652,9588,5363,5343,2218992,23815
3,300.000535,24,75364,9840,5544,5464,2279952,25644
3,300.000535,25,75747,9841,5535,5543,2186395,24743
3,300.000535,26,74711,10269,5707,5712,2090767,26564
3,300.000535,27,74568,10661,5689,5635,2043196,28819
3,300.000535,28,74323,10908,5858,5808,2083321,28944
3,300.000535,29,71121,9143,14391,6071,4667855,32629
4,400.000639,0,93177,6608,4122,3910,107879,10190
4,400.000639,1,97562,7151,4744,4740,672327,14471
4,400.000639,2,97579,7193,4806,4786,1399076,14586
4,400.000639,3,97395,7684,5070,4992,2152718,15184
4,400.000639,4,96718,7726,5015,5042,2679912,15906
4,400.000639,5,96772,7956,5090,5084,2972480,17016
4,400.000639,6,97274,8538,5365,5304,3370002,18029
4,400.000639,7,96275,8422,5252,5303,3346165,18508
4,400.000639,8,96090,8635,5359,5322,3499855,18673
4,400.000639,9,94961,8850,5451,5384,3414261,19862
4,400.000639,10,97269,9135,5641,5682,3580838,20450
4,400.000639,11,94996,9080,5611,5594,3384258,20453
4,400.000639,12,95998,9778,5934,5871,3405141,22268
4,400.000639,13,95027,9721,5871,5881,3290560,22673
4,400.000639,14,92994,9804,5813,5733,3419810,22513
4,400.000639,15,96398,10637,6259,6276,3117636,25245
4,400.000639,16,94461,10632,6249,6190,3007268,25483
4,400.000639,17,92850,11250,6394,6312,2993709,27556
4,400.000639,18,94055,11697,6639,6639,2870110,29404
4,400.000639,19,91611,11840,6670,6606,2686662,29426
4,400.000639,20,93768,12331,6849,6869,2813148,31602
4,400.000639,21,92524,12521,6946,6915,2657119,32761
4,400.000639,22,91721,13321,7170,7127,2458490,35391
4,400.000639,23,90558,13578,7251,7152,2437016,36734
4,400.000639,24,90991,14110,7372,7396,2357615,40726
4,400.000639,25,90555,14847,7893,7736,2483190,40458
4,400.000639,26,89491,15268,7786,7768,2047811,43727
4,400.000639,27,89174,15918,8043,7940,2094781,45796
4,400.000639,28,88480,16578,8157,8140,2000162,49663
4,400.000639,29,85540,14604,16521,8647,3808891,56481
5,500.000717,0,108986,7769,4902,4664,170555,12776
5,500.000717,1,113367,8392,5587,5576,1004945,16859
5,500.000717,2,113224,8483,5637,5627,1952426,17012
5,500.000717,3,113123,8997,5862,5857,2904422,18269
5,500.000717,4,112316,9095,5841,5821,3349027,19134
5,500.000717,5,111913,9801,6172,6084,3871316,20529
5,500.000717,6,113023,9769,6142,6235,3924693,21794
5,500.000717,7,111522,10213,6323,6225,4142366,22070
5,500.000717,8,111386,10309,6386,6362,4067949,23061
5,500.000717,9,110359,10442,6434,6429,3761979,23067
5,500.000717,10,112105,11292,6855,6796,4076584,26130
5,500.000717,11,109809,11269,6801,6835,3824338,25558
5,500.000717,12,111158,11637,6968,6923,4057081,27302
5,500.000717,13,109578,12126,7117,7052,3468734,28725
5,500.000717,14,107270,12478,7202,7140,3552480,30071
5,500.000717,15,110530,13524,7720,7666,3467039,33519
5,500.000717,16,108215,13834,7816,7774,3166254,34868
5,500.000717,17,106964,14127,7797,7796,3121032,36545
5,500.000717,18,108142,14640,8133,8137,3181584,37569
5,500.000717,19,105208,15188,8263,8162,2787843,39981
5,500.000717,20,106895,16224,8565,8536,2812744,44715
5,500.000717,21,105356,16677,8756,8732,2834778,47651
5,500.000717,22,104510,17570,9103,8985,2614237,49194
5,500.000717,23,102947,18141,9186,9043,2411291,51910
5,500.000717,24,102614,19451,9592,9582,2358103,57569
5,500.000717,25,102135,20284,9780,9662,2198312,63743
5,500.000717,26,100752,21030,10071,10061,2184964,66659
5,500.000717,27,99862,22183,10327,10190,2037872,72528
5,500.000717,28,98488,23616,10799,10653,1934802,78860
5,500.000717,29,95814,21276,18645,11247,3084657,88735
6,600.000792,0,122708,8768,5567,5372,235930,14782
6,600.000792,1,127111,9354,6215,6202,1312373,18992
6,600.000792,2,126721,9720,6458,6393,2547676,19103
6,600.000792,3,126741,10112,6545,6549,3547444,20995
6,600.000792,4,125468,10697,6800,6729,4027706,22357
6,600.000792,5,125460,10967,6852,6858,4353848,24129
6,600.000792,6,126243,11228,7019,6983,4661930,24013
6,600.000792,7,124875,11629,7147,7128,4494194,26445
6,600.000792,8,124575,11861,7323,7288,4372411,26109
6,600.000792,9,123192,12355,7516,7460,4491156,28444
6,600.000792,10,125209,12873,7738,7779,4389753,29838
6,600.000792,11,122518,13315,7896,7790,4243465,30657
6,600.000792,12,123652,13837,8084,8026,4029594,33630
6,600.000792,13,121857,14589,8339,8287,3881317,35967
6,600.000792,14,119375,15141,8591,8540,3598922,37665
6,600.000792,15,122656,16160,9012,9012,3571889,41506
6,600.000792,16,120465,16311,9023,8960,3441587,41908
6,600.000792,17,118586,17203,9304,9296,3277968,45894
6,600.000792,18,119208,18325,9630,9539,3143292,50816
6,600.000792,19,116293,18828,9907,9863,2922030,53557
6,600.000792,20,117872,19941,10222,10111,2889747,55463
6,600.000792,21,115494,21307,10668,10560,2703511,62836
6,600.000792,22,114234,22600,10938,10851,2508743,69905
6,600.000792,23,112232,23539,11204,11089,2392363,73715
6,600.000792,24,111970,24826,11583,11520,2280037,81972
6,600.000792,25,110724,26442,11974,11903,2186323,88627
6,600.000792,26,108394,28094,12354,12174,2022501,95229
6,600.000792,27,106443,30363,12798,12659,1895087,109257
6,600.000792,28,104409,32386,13236,13056,1770387,123237
6,600.000792,29,102025,29800,21098,14254,2428176,143555
7,700.000956,0,134895,9614,6124,5951,303708,16469
7,700.000956,1,139167,10248,6823,6807,1625971,20892
7,700.000956,2,138567,10884,7162,7067,3122346,21291
7,700.000956,3,138654,11171,7235,7191,4046779,23330
7,700.000956,4,137170,11905,7446,7429,4662139,25435
7,700.000956,5,137375,12068,7550,7554,4794792,26356
7,700.000956,6,137786,12643,7815,7804,5127477,28379
7,700.000956,7,136704,12813,7939,7919,4899344,28373
7,700.000956,8,135853,13556,8264,8203,4931112,30931
7,700.000956,9,134586,13870,8361,8331,4723677,31449
7,700.000956,10,136399,14721,8750,8664,4805523,34464
7,700.000956,11,133574,15185,8829,8799,4153383,36920
7,700.000956,12,134350,16074,9200,9163,4224592,39306
7,700.000956,13,132455,16968,9556,9501,3979085,43239
7,700.000956,14,129936,17559,9719,9640,3792891,44832
7,700.000956,15,133311,18538,10155,10171,3722082,48990
7,700.000956,16,130403,19361,10297,10193,3502373,52357
7,700.000956,17,128215,20577,10863,10732,3322036,56671
7,700.000956,18,128920,21471,11078,11051,3163626,61513
7,700.000956,19,125118,23031,11511,11401,2962170,67659
7,700.000956,20,126186,24589,11961,11895,2763864,74306
7,700.000956,21,123721,25999,12471,12289,2635409,81536
7,700.000956,22,122353,27505,12707,12659,2538371,91686
7,700.000956,23,119653,29144,13156,12963,2305177,97331
7,700.000956,24,118390,31396,13552,13508,2156192,111610
7,700.000956,25,116016,34007,14254,13992,2004946,120571
7,700.000956,26,112507,37007,14810,14666,1909058,143433
7,700.000956,27,110409,39353,15273,15105,1589051,161400
7,700.000956,28,107103,42653,15690,15441,1538416,181963
7,700.000956,29,104546,40281,23332,17172,1925056,223675
8,800.001189,0,145608,10409,6671,6436,377093,18056
8,800.001189,1,149919,11095,7378,7338,1935575,22153
8,800.001189,2,149123,11811,7733,7736,3634211,24052
8,800.001189,3,149139,12246,7860,7832,4570754,25479
8,800.001189,4,147770,12877,8027,8045,5029979,28235
8,800.001189,5,147777,13216,8318,8189,5548691,27953
8,800.001189,6,148203,13743,8417,8471,5310781,31314
8,800.001189,7,146775,14281,8771,8715,5359988,31717
8,800.001189,8,146036,14914,9052,9004,4987893,34222
8,800.001189,9,144690,15318,9156,9066,5136350,35889
8,800.001189,10,146245,16407,9561,9532,4726129,39360
8,800.001189,11,143282,17089,9811,9759,4461181,41693
8,800.001189,12,143594,18360,10312,10271,4348574,46316
8,800.001189,13,141777,19181,10618,10590,4175626,49178
8,800.001189,14,139620,19484,10722,10626,3777375,51316
8,800.001189,15,141892,21408,11325,11221,3857018,59235
8,800.001189,16,138860,22444,11773,11753,3488582,62480
8,800.001189,17,136569,23736,12051,11935,3343604,68613
8,800.001189,18,136411,25609,12674,12596,3101499,76166
8,800.001189,19,132720,26919,13032,12878,2863880,82637
8,800.001189,20,133223,29135,13630,13518,2830513,94752
8,800.001189,21,130636,30631,13971,13949,2531962,102373
8,800.001189,22,127851,33551,14608,14344,2413302,115932
8,800.001189,23,124438,35859,15180,15011,2185487,128249
8,800.001189,24,122073,39282,15835,15591,2049208,150562
8,800.001189,25,119090,42498,16425,16317,1755854,172780
8,800.001189,26,114994,46074,17081,16770,1612111,197657
8,800.001189,27,110954,50297,17559,17303,1470727,228813
8,800.001189,28,106555,54805,17881,17663,1294586,266179
8,800.001189,29,104334,51988,25190,19701,1557493,335688
9,900.001435,0,155266,11139,7142,6929,449351,19481
9,900.001435,1,159595,11873,7896,7854,2241615,23759
9,900.001435,2,158870,12597,8223,8231,4073811,25588
9,900.001435,3,158496,13263,8487,8380,5008938,27879
9,900.001435,4,157297,13766,8591,8607,5554361,29978
9,900.001435,5,157147,14343,8869,8810,5784339,31762
9,900.001435,6,157652,14749,9116,9102,5660075,32799
9,900.001435,7,155960,15498,9482,9488,5513115,35434
9,900.001435,8,155299,16198,9696,9617,5542060,37393
9,900.001435,9,153417,16932,10021,9957,5133147,40074
9,900.001435,10,155063,18127,10395,10404,4864877,44511
9,900.001435,11,151562,19140,10846,10694,4685990,47319
9,900.001435,12,152201,20231,11233,11172,4478345,51758
9,900.001435,13,150581,20892,11479,11429,4036074,54414
9,900.001435,14,147202,22213,11809,11724,4060045,60920
9,900.001435,15,149658,24107,12622,12582,3807013,67390
9,900.001435,16,146249,25581,13023,12919,3527041,74965
9,900.001435,17,143583,27208,13431,13271,3227628,79696
9,900.001435,18,142842,29501,14141,14056,3063462,93079
9,900.001435,19,139188,30950,14343,14205,2902644,101535
9,900.001435,20,138868,33908,15232,15083,2679856,113183
9,900.001435,21,135390,36375,15707,15507,2458069,128022
9,900.001435,22,131702,40113,16551,16370,2250582,149995
9,900.001435,23,127282,43478,17244,16968,2037913,170053
9,900.001435,24,124233,47531,17856,17637,1751763,197656
9,900.001435,25,120188,51885,18416,18293,1641646,232456
9,900.001435,26,114463,57028,19031,18665,1422259,269487
9,900.001435,27,109230,62505,19660,19272,1286262,320055
9,900.001435,28,104319,67506,20071,19797,1089473,381665
9,900.001435,29,101740,64986,26791,22081,1221945,477125
10,1000.002367,0,164388,11809,7583,7374,527306,20845
10,1000.002367,1,168672,12568,8383,8355,2536049,25110
10,1000.002367,2,167793,13338,8673,8664,4471265,27298
10,1000.002367,3,167271,14277,9029,8942,5485403,30098
10,1000.002367,4,166261,14616,9114,9159,5848693,32081
10,1000.002367,5,165963,15253,9464,9415,6115628,34150
10,1000.002367,6,166169,15987,9832,9745,6085008,35054
10,1000.002367,7,164394,16827,10220,10200,5803642,38566
10,1000.002367,8,163711,17480,10373,10311,5665588,41062
10,1000.002367,9,161886,18290,10640,10604,5259776,43994
10,1000.002367,10,162934,19910,11362,11241,4961821,49572
10,1000.002367,11,159614,20921,11677,11648,4766296,53151
10,1000.002367,12,160254,21973,12117,12091,4537231,57479
10,1000.002367,13,157898,23265,12481,12342,4272194,62575
10,1000.002367,14,154498,24724,12971,12853,3976235,68673
10,1000.002367,15,156434,27149,13819,13705,3830871,77899
10,1000.002367,16,152750,28721,14281,14190,3416422,85381
10,1000.002367,17,149607,30981,14759,14676,3232672,98487
10,1000.002367,18,149123,33051,15378,15250,3034077,107203
10,1000.002367,19,144134,35682,16003,15777,2792167,119886
10,1000.002367,20,143123,39418,16843,16628,2592360,140452
10,1000.002367,21,138431,43115,17622,17444,2298548,161641
10,1000.002367,22,134159,47370,18507,18232,2103077,189378
10,1000.002367,23,129106,51411,19018,18763,1810309,219449
10,1000.002367,24,124655,56883,19650,19399,1620573,263333
10,1000.002367,25,118690,63196,20491,20121,1435452,307526
10,1000.002367,26,112507,68686,20948,20706,1255286,372838
10,1000.002367,27,106318,75168,21446,21025,1063303,428412
10,1000.002367,28,98551,82997,21619,21149,907219,516193
10,1000.002367,29,96012,80534,28106,24256,939549,718746
11,1100.003022,0,172933,12437,8008,7781,605258,22004
11,1100.003022,1,177090,13288,8850,8818,2852622,26538
11,1100.003022,2,176313,14072,9109,9086,4859884,28950
11,1100.003022,3,175482,15225,9584,9509,5884266,32567
11,1100.003022,4,174603,15453,9652,9619,6229915,33625
11,1100.003022,5,174149,16221,9990,9987,6414508,36393
11,1100.003022,6,174433,17016,10450,10428,6305424,38403
11,1100.003022,7,172498,17804,10731,10656,5955070,40601
11,1100.003022,8,171483,18886,11180,11083,5891792,44386
11,1100.003022,9,169567,19881,11408,11388,5269907,49287
11,1100.003022,10,170369,21637,12241,12127,5272686,54124
11,1100.003022,11,167124,22588,12446,12389,4797784,58252
11,1100.003022,12,167688,23707,12970,12948,4543853,62765
11,1100.003022,13,164501,25905,13573,13453,4337471,72364
11,1100.003022,14,161154,27148,14016,13958,3995074,76281
11,1100.003022,15,162560,30172,14997,14847,3665414,89891
11,1100.003022,16,158383,32340,15495,15396,3491931,100523
11,1100.003022,17,155424,34276,16049,15815,3261380,111830
11,1100.003022,18,153634,37773,16893,16748,2870472,127161
11,1100.003022,19,148240,40839,17442,17334,2751454,147500
11,1100.003022,20,146007,45673,18712,18417,2414601,170442
11,1100.003022,21,141035,49712,19314,19081,2150436,198940
11,1100.003022,22,135107,55512,20230,19949,1886680,239896
11,1100.003022,23,129388,60366,20814,20482,1669982,281281
11,1100.003022,24,122531,68185,21626,21261,1448500,342614
11,1100.003022,25,116583,74505,22207,21751,1255151,407402
11,1100.003022,26,109094,81235,22513,22136,1060096,476052
11,1100.003022,27,100067,90696,22893,22453,883636,599118
11,1100.003022,28,91520,99175,22949,22611,717469,714249
11,1100.003022,29,88374,97321,28801,25787,715914,997591
12,1200.003118,0,181233,13034,8404,8174,688981,23131
12,1200.003118,1,185203,13948,9298,9276,3159048,27979
12,1200.003118,2,184285,14909,9616,9558,5259066,30824
12,1200.003118,3,183654,15969,10016,9982,6284137,34354
12,1200.003118,4,182458,16362,10173,10109,6620161,35952
12,1200.003118,5,182258,17019,10519,10544,6575177,37747
12,1200.003118,6,182062,18148,11113,11008,6536469,40970
12,1200.003118,7,180371,18872,11275,11288,6323610,44183
12,1200.003118,8,178857,20324,11851,11800,5831901,48878
12,1200.003118,9,176885,21374,12186,12077,5256324,52753
12,1200.003118,10,177498,23355,12997,12942,5403472,59534
12,1200.003118,11,174540,24082,13332,13234,4939038,61990
12,1200.003118,12,174065,26152,13879,13879,4635443,72657
12,1200.003118,13,170888,28323,14727,14500,4347298,78500
12,1200.003118,14,167240,29951,15091,15000,3938616,87942
12,1200.003118,15,168288,33296,16096,16025,3622374,103008
12,1200.003118,16,164159,35376,16777,16550,3567774,113296
12,1200.003118,17,159842,38735,17400,17274,3082292,130212
12,1200.003118,18,157565,42697,18343,18144,2822162,152092
12,1200.003118,19,151001,46842,19288,19016,2596551,174016
12,1200.003118,20,148411,52172,20374,20059,2274041,209692
12,1200.003118,21,141589,57954,21075,20888,1974365,250190
12,1200.003118,22,135211,64356,21915,21482,1737499,301344
12,1200.003118,23,127571,70999,22477,22202,1504208,358911
12,1200.003118,24,120450,79113,23208,22810,1257291,448070
12,1200.003118,25,112377,87473,23812,23306,1086390,522420
12,1200.003118,26,102668,96593,23893,23471,891501,643835
12,1200.003118,27,92963,106593,23964,23423,705661,785638
12,1200.003118,28,82092,117383,23609,23109,558726,952975
12,1200.003118,29,79832,114802,28687,26730,541236,1438537
13,1300.003307,0,189104,13640,8797,8575,769831,24426
13,1300.003307,1,193222,14612,9720,9680,3455360,29329
13,1300.003307,2,192225,15624,10070,10034,5639149,32409
13,1300.003307,3,191387,16786,10492,10467,6629037,36469
13,1300.003307,4,190217,17205,10655,10635,6879814,37779
13,1300.003307,5,189862,17948,11121,10981,6905173,39827
13,1300.003307,6,189671,19169,11639,11694,6683760,43794
13,1300.003307,7,187503,20279,12080,11946,6590410,47202
13,1300.003307,8,186294,21503,12376,12369,5840637,52987
13,1300.003307,9,183646,23173,13140,12979,5675491,57640
13,1300.003307,10,184837,24645,13611,13637,5199178,63886
13,1300.003307,11,181265,25935,14093,13988,5080902,68611
13,1300.003307,12,180062,28658,15040,14848,4656162,78774
13,1300.003307,13,177241,30623,15574,15525,4345109,89890
13,1300.003307,14,172635,33205,16365,16198,3845688,99360
13,1300.003307,15,173898,36196,17209,17089,3720477,115378
13,1300.003307,16,168659,39548,18064,17917,3349664,129726
13,1300.003307,17,163782,43279,18795,18531,2982323,152126
13,1300.003307,18,160721,48138,20040,19819,2805387,177318
13,1300.003307,19,153421,53022,20878,20657,2377479,210635
13,1300.003307,20,148889,60275,22037,21656,2113574,257044
13,1300.003307,21,141511,66637,22879,22506,1845185,309090
13,1300.003307,22,134019,74106,23545,23247,1552204,382158
13,1300.003307,23,124666,82515,24048,23580,1319391,457321
13,1300.003307,24,116680,91481,24684,24295,1125643,560814
13,1300.003307,25,105771,102616,25041,24495,906611,685771
13,1300.003307,26,95230,112592,25040,24507,707562,858742
13,1300.003307,27,84500,123700,24499,23973,567770,1014237
13,1300.003307,28,72871,135306,23538,22970,436479,1274838
13,1300.003307,29,71413,131690,28106,27068,406350,2020275
14,1400.003615,0,197155,14187,9161,8965,849942,25750
14,1400.003615,1,201025,15343,10179,10091,3794175,30413
14,1400.003615,2,199962,16396,10539,10503,5953869,34229
14,1400.003615,3,199243,17505,10945,10931,7030642,38196
14,1400.003615,4,197915,18040,11156,11147,7211170,40025
14,1400.003615,5,197445,18933,11674,11572,7089984,41787
14,1400.003615,6,197008,20371,12262,12202,7046751,46782
14,1400.003615,7,194850,21478,12723,12715,6682504,51083
14,1400.003615,8,193581,22756,13051,12972,5768073,55302
14,1400.003615,9,190397,24974,13999,13849,5828070,63404
14,1400.003615,10,191842,26178,14369,14294,5375848,68060
14,1400.003615,11,187606,28048,15063,14943,5039872,76160
14,1400.003615,12,186346,31017,15910,15869,4674682,88261
14,1400.003615,13,182743,33669,16889,16705,4250473,98274
14,1400.003615,14,178376,35958,17273,17241,3875898,113499
14,1400.003615,15,178689,40001,18684,18427,3726401,129748
14,1400.003615,16,172982,43728,19186,19030,3201289,152297
14,1400.003615,17,167258,48421,20493,20303,2938032,175525
14,1400.003615,18,162395,54943,21790,21418,2627781,214480
14,1400.003615,19,154966,60053,22340,22021,2195359,252149
14,1400.003615,20,149012,68662,23759,23415,1982066,315165
14,1400.003615,21,140207,76530,24540,24202,1641986,385712
14,1400.003615,22,131031,85595,25128,24665,1410509,478832
14,1400.003615,23,120768,94927,25636,25124,1159005,577589
14,1400.003615,24,110408,106317,25973,25410,957011,721482
14,1400.003615,25,98473,118521,26057,25485,723845,895554
14,1400.003615,26,86785,129563,25243,24786,573301,1095488
14,1400.003615,27,74263,142495,24317,23701,447275,1369256
14,1400.003615,28,64451,152215,22976,22588,325130,1672271
14,1400.003615,29,62257,149432,26972,26795,304724,2747867
15,1500.004509,0,205014,14805,9584,9363,951114,26974
15,1500.004509,1,208833,16037,10596,10521,4141513,31929
15,1500.004509,2,207791,17049,10939,10949,6277443,35938
15,1500.004509,3,206946,18226,11381,11345,7247978,39302
15,1500.004509,4,205454,18975,11731,11669,7618880,42478
15,1500.004509,5,204947,19941,12266,12223,7400466,44508
15,1500.004509,6,204464,21336,12775,12718,7195287,49684
15,1500.004509,7,202054,22847,13362,13288,6655961,54539
15,1500.004509,8,200399,24431,13902,13775,6070551,60459
15,1500.004509,9,197588,26206,14565,14524,5847419,67421
15,1500.004509,10,198367,28170,15375,15324,5440976,74101
15,1500.004509,11,193710,30449,16046,15869,5046287,83991
15,1500.004509,12,192476,33354,16974,16927,4661562,97426
15,1500.004509,13,188192,36629,17911,17619,4279289,109824
15,1500.004509,14,183632,39239,18492,18440,3853317,127088
15,1500.004509,15,183107,44090,19936,19766,3549496,148483
15,1500.004509,16,176344,48795,20814,20565,3159948,173226
15,1500.004509,17,169833,54367,22006,21704,2833771,207856
15,1500.004509,18,164217,61572,23471,23105,2405458,252536
15,1500.004509,19,154716,68770,24013,23655,2049978,311497
15,1500.004509,20,148033,78165,25415,25034,1811667,388341
15,1500.004509,21,137852,87307,26109,25637,1509109,479824
15,1500.004509,22,126919,98300,26601,26187,1219778,594873
15,1500.004509,23,115054,109116,26828,26259,1005198,737317
15,1500.004509,24,102509,122620,26932,26320,774192,928315
15,1500.004509,25,90498,135002,26445,25902,600839,1164325
15,1500.004509,26,77156,147687,25123,24540,457978,1412693
15,1500.004509,27,65468,159701,23567,23196,333413,1793678
15,1500.004509,28,55146,170042,21936,21402,248111,2162574
15,1500.004509,29,53422,166727,25530,26380,223830,3694179
16,1600.006146,0,212754,15390,9979,9739,1051491,28158
16,1600.006146,1,216429,16680,10974,10968,4474850,33571
16,1600.006146,2,215296,17855,11433,11296,6680188,36983
16,1600.006146,3,214500,18976,11853,11879,7607407,41538
16,1600.006146,4,213117,19684,12157,12140,7756167,44089
16,1600.006146,5,212048,21082,12911,12822,7673717,47521
16,1600.006146,6,211815,22330,13282,13227,7374452,52378
16,1600.006146,7,208931,24193,14081,14001,6726480,58012
16,1600.006146,8,207032,26108,14779,14670,6218307,65212
16,1600.006146,9,204574,27591,15181,15172,5801520,71797
16,1600.006146,10,204646,30147,16250,16143,5593386,81138
16,1600.006146,11,199596,32824,17001,16823,5012831,91861
16,1600.006146,12,198054,36073,18141,17958,4635481,105525
16,1600.006146,13,193469,39705,18925,18819,4250955,125362
16,1600.006146,14,188243,42908,19790,19582,3822533,140912
16,1600.006146,15,187046,48391,21161,21022,3438942,169671
16,1600.006146,16,179376,54152,22581,22231,3087344,200207
16,1600.006146,17,171614,60849,23526,23255,2642148,244846
16,1600.006146,18,164507,69577,24927,24605,2267699,305446
16,1600.006146,19,154540,77325,25778,25338,1926498,373972
16,1600.006146,20,145624,88800,27039,26511,1638948,476481
16,1600.006146,21,133550,99905,27541,27019,1326212,597205
16,1600.006146,22,121859,111619,27904,27418,1078541,727363
16,1600.006146,23,108310,124171,27776,27275,827129,944604
16,1600.006146,24,94233,139295,27335,26706,642979,1189653
16,1600.006146,25,80896,152817,26201,25564,480236,1449971
16,1600.006146,26,68253,164908,24507,23990,355332,1879755
16,1600.006146,27,57137,176329,22585,22182,256068,2243102
16,1600.006146,28,46869,186594,20641,20156,186656,2730286
16,1600.006146,29,46472,182024,24034,25620,165981,4927173
17,1700.006229,0,220521,15951,10357,10127,1144625,29305
17,1700.006229,1,224153,17320,11409,11387,4798957,34850
17,1700.006229,2,222752,18690,11846,11779,7097774,39228
17,1700.006229,3,222110,19721,12332,12300,7868548,43346
17,1700.006229,4,220441,20562,12711,12662,8096909,45318
17,1700.006229,5,219544,21959,13400,13340,7818628,49988
17,1700.006229,6,218582,23859,14114,14024,7620250,55833
17,1700.006229,7,216272,25182,14498,14468,6734156,61449
17,1700.006229,8,213549,27932,15652,15470,6320635,70898
17,1700.006229,9,211301,29135,15994,15968,5882670,76659
17,1700.006229,10,210706,32453,17248,17105,5562999,88423
17,1700.006229,11,205624,35138,17992,17840,5047387,101197
17,1700.006229,12,203370,39036,19092,18955,4639291,117281
17,1700.006229,13,198649,42827,20173,20012,4206476,138537
17,1700.006229,14,192675,46734,21013,20822,3698421,158602
17,1700.006229,15,190095,53753,22785,22521,3383128,193610
17,1700.006229,16,181555,60243,24029,23719,2940315,234483
17,1700.006229,17,172431,68322,25303,24934,2468346,288963
17,1700.006229,18,164851,77564,26549,26140,2133781,361612
17,1700.006229,19,152354,87845,27208,26747,1761765,461608
17,1700.006229,20,142011,100722,28568,28010,1468480,583819
17,1700.006229,21,128748,113074,28894,28437,1159310,735742
17,1700.006229,22,115300,126476,28764,28203,917513,925640
17,1700.006229,23,99470,141318,28371,27661,693052,1169731
17,1700.006229,24,85426,156368,27196,26575,515298,1486359
17,1700.006229,25,71776,170267,25432,24967,375421,1908641
17,1700.006229,26,59736,181754,23656,23200,273276,2353327
17,1700.006229,27,49065,192718,21308,20916,197370,2823955
17,1700.006229,28,39963,201832,19237,18874,140007,3420439
17,1700.006229,29,40306,196521,22415,24747,127952,6392047
18,1800.006254,0,228238,16528,10734,10527,1248681,30416
18,1800.006254,1,231751,17934,11824,11757,5130726,35974
18,1800.006254,2,230269,19445,12291,12254,7465336,41634
18,1800.006254,3,229421,20634,12862,12760,8251962,44651
18,1800.006254,4,227964,21441,13270,13164,8260404,47512
18,1800.006254,5,226632,23069,13900,13960,8007969,53100
18,1800.006254,6,225844,24865,14717,14626,7734553,59087
18,1800.006254,7,222707,26956,15382,15215,6822258,66321
18,1800.006254,8,220639,29090,16189,16202,6376605,74791
18,1800.006254,9,217580,31152,16914,16829,5971279,82927
18,1800.006254,10,216941,34425,17996,17832,5563378,94220
18,1800.006254,11,211235,37792,19150,18973,5094272,110815
18,1800.006254,12,208418,42259,20291,20135,4638682,131955
18,1800.006254,13,203497,46267,21286,21160,4107620,152989
18,1800.006254,14,196712,50951,22355,22069,3597399,178205
18,1800.006254,15,192433,59626,24410,24155,3296174,223380
18,1800.006254,16,182958,67112,25765,25389,2764341,276266
18,1800.006254,17,172942,76082,26807,26360,2333836,339527
18,1800.006254,18,163378,87302,28147,27629,1994978,437734
18,1800.006254,19,149840,98639,28805,28413,1592820,551529
18,1800.006254,20,137117,113788,29974,29359,1283480,716640
18,1800.006254,21,123066,127071,29804,29124,1017962,904657
18,1800.006254,22,106856,143113,29409,28899,764381,1168532
18,1800.006254,23,90982,158074,28298,27604,571929,1470230
18,1800.006254,24,76208,173865,26649,26169,407907,1893543
18,1800.006254,25,63417,186963,24509,24044,298497,2400199
18,1800.006254,26,51604,198043,22386,21844,209791,2866972
18,1800.006254,27,41859,208263,19948,19639,146907,3491852
18,1800.006254,28,34278,215713,17818,17472,106967,4193105
18,1800.006254,29,33492,211588,20135,23227,94372,8493601
19,1900.006298,0,235794,17075,11082,10891,1344004,31519
19,1900.006298,1,239204,18557,12237,12148,5472305,37240
19,1900.006298,2,237571,20268,12807,12701,7839894,43161
19,1900.006298,3,236671,21412,13276,13264,8462099,47108
19,1900.006298,4,235298,22236,13716,13732,8429606,49847
19,1900.006298,5,233733,24062,14504,14373,8391708,55151
19,1900.006298,6,232671,26145,15362,15291,7713309,62472
19,1900.006298,7,229332,28436,16134,16066,6954009,71150
19,1900.006298,8,227366,30478,16909,16835,6560998,78275
19,1900.006298,9,223639,33126,17734,17651,6002562,90134
19,1900.006298,10,222357,37097,19132,18863,5643229,104437
19,1900.006298,11,216823,40355,20021,19923,4946332,119277
19,1900.006298,12,213256,45572,21509,21358,4542081,146733
19,1900.006298,13,208066,49713,22459,22220,4101922,168812
19,1900.006298,14,199651,56154,23861,23628,3515506,201003
19,1900.006298,15,194378,65774,26061,25686,3158711,260168
19,1900.006298,16,184193,73918,27198,26791,2559751,315799
19,1900.006298,17,172531,84649,28280,27888,2187290,404516
19,1900.006298,18,160745,98081,29647,29185,1847504,529606
19,1900.006298,19,145892,110538,30423,29731,1449076,663918
19,1900.006298,20,132098,127036,30996,30423,1122379,864609
19,1900.006298,21,115092,143075,30492,29855,867175,1120401
19,1900.006298,22,98705,159395,29641,29025,648930,1455612
19,1900.006298,23,81940,175228,27831,27228,445912,1827939
19,1900.006298,24,68015,190099,25835,25278,332478,2381154
19,1900.006298,25,55350,203181,23437,23014,232890,2855955
19,1900.006298,26,44748,213012,20944,20544,161850,3484152
19,1900.006298,27,35777,222385,18494,18147,114022,4340305
19,1900.006298,28,28288,229805,15868,15587,80773,5050954
19,1900.006298,29,28323,224880,18168,22020,70222,11119353
20,2000.006736,0,243086,17588,11440,11234,1448579,32597
20,2000.006736,1,246404,19222,12646,12589,5775111,38630
20,2000.006736,2,244594,21052,13232,13133,8197443,44899
20,2000.006736,3,243820,22147,13733,13731,8792474,49237
20,2000.006736,4,242188,23116,14241,14211,8655198,51553
20,2000.006736,5,240706,25011,15008,14903,8556433,57506
20,2000.006736,6,239173,27413,15964,15857,7753343,66246
20,2000.006736,7,235627,30033,16987,16899,7144874,74866
20,2000.006736,8,233800,31848,17574,17467,6563027,83100
20,2000.006736,9,229689,34984,18534,18413,6029536,95689
20,2000.006736,10,227749,39557,20140,19999,5564789,113311
20,2000.006736,11,221567,43437,21136,20912,4984571,132405
20,2000.006736,12,218069,48576,22529,22401,4519580,159823
20,2000.006736,13,211902,53735,23812,23578,3964864,185472
20,2000.006736,14,201789,61833,25417,25005,3479596,232944
20,2000.006736,15,196182,71853,27567,27171,2890568,291797
20,2000.006736,16,184405,81557,28573,28229,2503075,372167
20,2000.006736,17,170585,94426,29898,29402,2057448,481260
20,2000.006736,18,158167,108471,31137,30619,1658686,621184
20,2000.006736,19,140830,123500,31516,30872,1272116,800818
20,2000.006736,20,125554,141404,31729,31123,993265,1053307
20,2000.006736,21,107847,158167,30863,30215,752248,1380264
20,2000.006736,22,89264,176721,29406,28715,525494,1765934
20,2000.006736,23,73706,191246,27058,26550,372793,2283382
20,2000.006736,24,60484,205529,24857,24304,261545,2825341
20,2000.006736,25,48542,217775,22186,21820,182866,3491768
20,2000.006736,26,38513,227088,19479,19110,126481,4198677
20,2000.006736,27,30635,235377,16770,16480,88867,5176369
20,2000.006736,28,23708,242243,14279,14050,60436,6103287
20,2000.006736,29,23924,237100,16372,20698,53509,14183788
21,2100.006835,0,250068,18122,11798,11566,1565631,33549
21,2100.006835,1,253336,19808,12977,12939,6048155,39901
21,2100.006835,2,251467,21672,13645,13602,8486649,46812
21,2100.006835,3,250611,22882,14181,14097,9023874,50536
21,2100.006835,4,248710,24033,14753,14744,8898219,54028
21,2100.006835,5,247078,26162,15675,15533,8875687,60575
21,2100.006835,6,245619,28540,16495,16393,7749903,68957
21,2100.006835,7,241829,31307,17558,17515,7199860,79303
21,2100.006835,8,239535,33594,18364,18226,6628023,88482
21,2100.006835,9,235072,37083,19395,19296,6043998,102734
21,2100.006835,10,233050,41801,21115,20987,5587386,122859
21,2100.006835,11,226280,46208,22174,21965,4965313,144177
21,2100.006835,12,222092,51993,23646,23467,4397998,174000
21,2100.006835,13,214780,58415,25208,24827,3916666,205063
21,2100.006835,14,203876,67282,26872,26588,3308025,265456
21,2100.006835,15,196990,78487,28906,28494,2819858,332527
21,2100.006835,16,183858,89670,29990,29513,2351049,427017
21,2100.006835,17,168539,103905,31453,30919,1904897,571503
21,2100.006835,18,154390,119739,32332,31698,1496701,724905
21,2100.006835,19,135381,136472,32487,31930,1132933,958638
21,2100.006835,20,118806,155721,32176,31401,875571,1273702
21,2100.006835,21,98865,174557,30873,30169,625518,1647094
21,2100.006835,22,81601,191868,28883,28246,434810,2150674
21,2100.006835,23,66542,205976,26056,25656,301686,2714896
21,2100.006835,24,53546,219952,23702,23221,209409,3398236
21,2100.006835,25,42507,231286,20929,20568,146899,4145178
21,2100.006835,26,33087,240113,17809,17449,98781,5031721
21,2100.006835,27,26051,247381,15283,15071,68456,6103099
21,2100.006835,28,20088,253389,12911,12681,46102,7269341
21,2100.006835,29,20184,248327,14457,19520,41747,17594300
22,2200.007467,0,256630,18630,12119,11889,1664602,34525
22,2200.007467,1,259971,20358,13359,13308,6395415,41214
22,2200.007467,2,257921,22375,14062,13999,8734183,48112
22,2200.007467,3,257168,23425,14505,14518,9293129,52192
22,2200.007467,4,254924,25007,15308,15173,9128398,56015
22,2200.007467,5,253175,27131,16165,16073,8954266,63449
22,2200.007467,6,251416,29870,17179,17133,7888040,73123
22,2200.007467,7,247885,32411,18106,17992,7133840,83063
22,2200.007467,8,244903,35356,19178,19057,6808089,93106
22,2200.007467,9,240239,39055,20200,19997,6095810,110582
22,2200.007467,10,238005,43954,21908,21823,5459999,130297
22,2200.007467,11,230198,49393,23331,23075,4946772,157445
22,2200.007467,12,226544,54750,24561,24377,4354150,187029
22,2200.007467,13,216771,63522,26663,26220,3850314,232344
22,2200.007467,14,205501,72774,28195,28021,3097591,294830
22,2200.007467,15,197476,85157,30203,29705,2721228,382424
22,2200.007467,16,181987,98636,31592,31047,2225804,497001
22,2200.007467,17,166046,113566,32583,32119,1739734,652929
22,2200.007467,18,149435,131838,33637,32845,1374330,857707
22,2200.007467,19,129901,149043,32981,32370,1012270,1132945
22,2200.007467,20,111357,170288,32501,31719,761144,1513558
22,2200.007467,21,91068,189525,30424,29797,521839,1964927
22,2200.007467,22,74319,206307,28049,27510,362210,2557865
22,2200.007467,23,59888,219716,25251,24690,253431,3166508
22,2200.007467,24,47617,233009,22464,22099,169996,4031360
22,2200.007467,25,37017,243946,19345,19010,117322,4783798
22,2200.007467,26,28771,251488,16403,16161,79144,6008047
22,2200.007467,27,22300,258330,13950,13720,53290,7015040
22,2200.007467,28,16887,263772,11406,11210,35734,8294788
22,2200.007467,29,17198,258387,12875,18462,32682,22055868
23,2300.009118,0,262738,19084,12425,12216,1761471,35575
23,2300.009118,1,265913,20941,13709,13585,6651388,42339
23,2300.009118,2,263969,22850,14368,14388,9020224,49308
23,2300.009118,3,263012,24181,14946,14885,9505303,53451
23,2300.009118,4,260640,25833,15776,15686,9431491,58276
23,2300.009118,5,258877,27982,16577,16502,8835190,66339
23,2300.009118,6,256736,31083,17809,17665,7987836,75955
23,2300.009118,7,253143,33719,18734,18674,7317328,86765
23,2300.009118,8,250218,36607,19758,19601,6777762,97417
23,2300.009118,9,244667,41159,21081,20987,6092624,119308
23,2300.009118,10,242217,46304,22739,22542,5486120,139823
23,2300.009118,11,234054,52138,24272,24021,4900339,168968
23,2300.009118,12,229620,58187,25679,25391,4324492,199876
23,2300.009118,13,218650,68181,27951,27621,3720938,260287
23,2300.009118,14,206664,78210,29398,28984,2991246,323654
23,2300.009118,15,197285,91890,31530,31048,2627696,430153
23,2300.009118,16,180380,106781,32681,32185,2053683,567952
23,2300.009118,17,162701,123457,33806,33227,1627528,745590
23,2300.009118,18,144641,143200,34497,33693,1234103,993861
23,2300.009118,19,123681,161847,33295,32664,907396,1332604
23,2300.009118,20,103692,184482,32418,31588,661638,1757736
23,2300.009118,21,84767,202373,30005,29511,445266,2290341
23,2300.009118,22,68046,219146,27146,26597,305972,2961917
23,2300.009118,23,54022,232148,24283,23719,211650,3707529
23,2300.009118,24,42392,244813,21151,20855,141300,4515062
23,2300.009118,25,32654,254792,18008,17745,94218,5711027
23,2300.009118,26,25125,261753,15216,14929,63992,6825325
23,2300.009118,27,19143,267991,12483,12336,42012,7912624
23,2300.009118,28,14574,272610,10306,10130,28611,9310087
23,2300.009118,29,14633,267537,11412,17437,25913,27159340
24,2400.009294,0,268391,19486,12697,12491,1854074,36421
24,2400.009294,1,271438,21465,14012,13920,6891223,43509
24,2400.009294,2,269484,23427,14745,14701,9256881,50424
24,2400.009294,3,268424,24776,15273,15255,9796882,54816
24,2400.009294,4,266059,26469,16128,16013,9598838,59744
24,2400.009294,5,263904,29030,17150,17084,8807690,69548
24,2400.009294,6,261634,32231,18387,18222,8198188,79717
24,2400.009294,7,258183,34742,19197,19130,7296413,89035
24,2400.009294,8,254818,38029,20333,20227,6783315,103273
24,2400.009294,9,248726,43144,21993,21809,6189302,125115
24,2400.009294,10,246153,48424,23493,23315,5405330,148030
24,2400.009294,11,238099,54160,24980,24860,4817861,180649
24,2400.009294,12,231553,62317,26922,26442,4289687,217848
24,2400.009294,13,220128,72757,29124,28767,3577199,283210
24,2400.009294,14,207551,83359,30513,30147,2883242,362588
24,2400.009294,15,196177,99060,32717,32161,2529535,482039
24,2400.009294,16,178178,115036,33860,33256,1944677,632494
24,2400.009294,17,159399,132809,34851,34253,1494316,848110
24,2400.009294,18,139829,154092,34792,34087,1132716,1138932
24,2400.009294,19,117772,173738,33739,33005,810117,1512910
24,2400.009294,20,97220,197056,32148,31383,570778,2051071
24,2400.009294,21,78198,214981,29243,28750,386179,2639415
24,2400.009294,22,62506,230748,26523,25952,261412,3376832
24,2400.009294,23,48775,243428,22992,22598,177837,4190554
24,2400.009294,24,37846,255405,19894,19532,119104,5154666
24,2400.009294,25,29192,264352,16846,16612,77733,6512028
24,2400.009294,26,22137,270731,13923,13660,52972,7531200
24,2400.009294,27,16669,276574,11484,11320,34099,8955917
24,2400.009294,28,12499,280733,9135,8981,23205,10189661
24,2400.009294,29,12531,275682,10123,16718,20718,33076561
25,2500.011196,0,273624,19882,12955,12753,1941620,37201
25,2500.011196,1,276436,21918,14303,14233,7121714,44727
25,2500.011196,2,274498,23985,15068,14954,9526672,50919
25,2500.011196,3,273366,25359,15624,15588,9946320,56747
25,2500.011196,4,271093,27072,16452,16426,9726182,61828
25,2500.011196,5,268464,29940,17625,17497,8870926,71465
25,2500.011196,6,266252,33188,18855,18776,8283550,82504
25,2500.011196,7,262514,35956,19758,19656,7376077,93020
25,2500.011196,8,258993,39413,20919,20742,6808452,107981
25,2500.011196,9,252649,44779,22684,22492,6126964,130726
25,2500.011196,10,249357,50762,24319,24172,5440246,159128
25,2500.011196,11,241206,56592,25773,25491,4778757,187301
25,2500.011196,12,233683,65760,27990,27587,4211000,238145
25,2500.011196,13,221558,76815,30019,29766,3421549,307346
25,2500.011196,14,207709,88778,31698,31173,2860826,396208
25,2500.011196,15,194926,105877,33794,33196,2365709,531993
25,2500.011196,16,176309,122400,34731,34179,1845104,718617
25,2500.011196,17,155228,142547,35689,34985,1379076,939644
25,2500.011196,18,135273,164193,35235,34438,1044697,1290309
25,2500.011196,19,111634,185504,33833,33067,725817,1717030
25,2500.011196,20,91154,208569,31643,31070,497376,2318531
25,2500.011196,21,72788,225968,28702,28082,336350,2999762
25,2500.011196,22,57598,241208,25496,25031,224198,3778567
25,2500.011196,23,44525,253247,22057,21674,153493,4697130
25,2500.011196,24,34097,264643,18745,18434,99138,5875660
25,2500.011196,25,26120,273041,15771,15490,67039,7265500
25,2500.011196,26,19689,278686,12816,12694,43157,8257239
25,2500.011196,27,14658,284175,10437,10251,28717,9803703
25,2500.011196,28,10839,287851,8215,8117,18843,11038689
25,2500.011196,29,10584,283236,8779,15809,16789,39810666
26,2600.012508,0,278221,20228,13182,12988,2018595,37946
26,2600.012508,1,281141,22298,14538,14467,7307479,45624
26,2600.012508,2,278894,24516,15374,15263,9788354,52178
26,2600.012508,3,277848,25885,15971,15915,10130476,58242
26,2600.012508,4,275416,27662,16758,16724,9811545,62865
26,2600.012508,5,272758,30719,18018,17896,8984731,73267
26,2600.012508,6,270251,34097,19285,19163,8236723,85305
26,2600.012508,7,266686,36777,20190,20159,7438379,96445
26,2600.012508,8,262398,41042,21574,21305,6902464,112274
26,2600.012508,9,256068,46336,23285,23134,6048889,136586
26,2600.012508,10,252547,52573,25025,24854,5461171,166632
26,2600.012508,11,243628,59086,26589,26302,4667096,200451
26,2600.012508,12,235172,69247,28854,28558,4194283,255479
26,2600.012508,13,222748,80679,31004,30611,3286868,330462
26,2600.012508,14,207659,93759,32595,32078,2782591,429386
26,2600.012508,15,193887,111956,34699,34115,2277704,584274
26,2600.012508,16,173727,130000,35749,35042,1756413,786407
26,2600.012508,17,151904,150858,36160,35524,1289003,1054725
26,2600.012508,18,129990,174381,35617,34798,949095,1428030
26,2600.012508,19,106194,195916,33528,32901,653534,1947588
26,2600.012508,20,86071,218682,31373,30600,443599,2567780
26,2600.012508,21,68242,235559,28040,27584,295808,3301122
26,2600.012508,22,53323,250440,24596,24070,201550,4227455
26,2600.012508,23,40530,262161,21066,20721,129133,5216645
26,2600.012508,24,31321,272454,17720,17428,87951,6528741
26,2600.012508,25,23571,280566,14752,14531,56098,7839577
26,2600.012508,26,17496,285876,11902,11719,36455,8958758
26,2600.012508,27,13041,290730,9511,9360,24196,10557717
26,2600.012508,28,9521,294218,7497,7381,15663,11994888
26,2600.012508,29,9014,289771,7611,15065,13839,47093131
27,2700.013316,0,282313,20499,13359,13169,2082530,38452
27,2700.013316,1,285099,22729,14828,14705,7533255,46468
27,2700.013316,2,282920,24894,15572,15558,9955881,53606
27,2700.013316,3,281822,26381,16293,16190,10264171,58920
27,2700.013316,4,279181,28345,17119,17024,9912222,64580
27,2700.013316,5,276577,31253,18254,18222,9004818,75516
27,2700.013316,6,273931,34920,19682,19516,8262231,87365
27,2700.013316,7,270182,37605,20603,20560,7560031,98628
27,2700.013316,8,265490,42413,22155,21979,6870179,118272
27,2700.013316,9,259214,47597,23762,23564,5997765,141036
27,2700.013316,10,254935,54562,25730,25459,5482071,174826
27,2700.013316,11,245973,61176,27246,26981,4671561,209862
27,2700.013316,12,236393,72495,29809,29442,4082646,272470
27,2700.013316,13,223646,84154,31754,31336,3209968,352081
27,2700.013316,14,207156,98710,33424,32933,2725468,464357
27,2700.013316,15,192709,117466,35566,34961,2175441,628182
27,2700.013316,16,171114,137044,36570,35879,1664643,857461
27,2700.013316,17,148764,158446,36484,35732,1214107,1150357
27,2700.013316,18,125517,183310,35824,35041,879050,1600932
27,2700.013316,19,101229,205291,33464,32764,584030,2119044
27,2700.013316,20,81696,227390,30716,30111,402181,2831675
27,2700.013316,21,64301,243946,27506,26985,263572,3623317
27,2700.013316,22,49339,258806,23717,23209,177303,4532781
27,2700.013316,23,37515,269658,20069,19807,113678,5765557
27,2700.013316,24,28606,279571,16862,16565,76141,7111062
27,2700.013316,25,21590,286909,13884,13646,49755,8348845
27,2700.013316,26,16060,291799,11170,11067,31555,9866514
27,2700.013316,27,11637,296521,8779,8618,20718,11241516
27,2700.013316,28,8347,299839,6685,6571,13550,12558838
27,2700.013316,29,7733,295434,6700,14454,11354,54755117
28,2800.015651,0,285928,20773,13537,13336,2150363,39005
28,2800.015651,1,288590,23081,15053,14934,7722174,47132
28,2800.015651,2,286466,25221,15748,15693,10047340,54297
28,2800.015651,3,285239,26776,16519,16533,10394638,60211
28,2800.015651,4,282499,28814,17379,17259,10002701,65707
28,2800.015651,5,279712,31974,18648,18530,9047254,77218
28,2800.015651,6,277031,35583,19988,19864,8342312,89633
28,2800.015651,7,273348,38394,20992,20868,7640231,101620
28,2800.015651,8,268292,43352,22583,22454,6807204,121487
28,2800.015651,9,261641,49061,24290,24088,5994661,146325
28,2800.015651,10,257374,55954,26194,25978,5370030,181017
28,2800.015651,11,247485,63543,27962,27607,4716726,219552
28,2800.015651,12,237493,75117,30596,30252,4017109,287103
28,2800.015651,13,224125,87572,32453,32047,3145773,374232
28,2800.015651,14,206674,103062,34187,33597,2689697,497197
28,2800.015651,15,191474,122534,36171,35595,2070561,673928
28,2800.015651,16,168687,143338,37232,36482,1586103,920427
28,2800.015651,17,145677,165304,36796,36020,1146335,1260986
28,2800.015651,18,121237,191420,35923,35123,819188,1714758
28,2800.015651,19,97134,213260,33165,32497,536114,2307242
28,2800.015651,20,77995,234990,30367,29724,365426,3092956
28,2800.015651,21,60828,251139,26793,26333,243393,3915144
28,2800.015651,22,46196,265874,22890,22484,156389,4886468
28,2800.015651,23,35249,275736,19382,19054,104059,6280346
28,2800.015651,24,26672,285340,16160,15905,66990,7553757
28,2800.015651,25,19795,292493,13087,12875,43368,8977199
28,2800.015651,26,14583,297109,10447,10323,27815,10275947
28,2800.015651,27,10749,301261,8215,8113,18461,12026773
28,2800.015651,28,7430,304569,6066,5924,11755,13177383
28,2800.015651,29,6621,300426,5880,13936,9220,62256676
29,2900.016365,0,289008,21010,13703,13471,2202768,39352
29,2900.016365,1,291604,23381,15233,15131,7883286,47874
29,2900.016365,2,289471,25535,15921,15892,10180766,55391
29,2900.016365,3,288211,27099,16731,16691,10532691,60672
29,2900.016365,4,285466,29220,17602,17507,10076258,66701
29,2900.016365,5,282388,32610,18915,18796,9115517,78931
29,2900.016365,6,279844,36162,20316,20235,8279714,92026
29,2900.016365,7,275964,38985,21242,21131,7657917,102717
29,2900.016365,8,270513,44532,23107,22873,6823649,124833
29,2900.016365,9,263858,50127,24625,24430,5992767,150225
29,2900.016365,10,259458,57253,26765,26514,5400392,188810
29,2900.016365,11,249010,65282,28460,28224,4632723,229748
29,2900.016365,12,238136,77880,31264,30862,3939363,300042
29,2900.016365,13,224466,90499,33114,32632,3119164,390625
29,2900.016365,14,206142,106918,34804,34222,2608794,525846
29,2900.016365,15,190095,127259,36862,36162,2022447,719953
29,2900.016365,16,166351,148951,37556,36904,1504596,986656
29,2900.016365,17,142667,171681,37158,36372,1095608,1340090
29,2900.016365,18,117734,198226,35803,34968,766883,1838632
29,2900.016365,19,93701,219980,32934,32301,501796,2497678
29,2900.016365,20,74952,241403,30002,29449,338113,3257821
29,2900.016365,21,58083,257285,26204,25680,224335,4192820
29,2900.016365,22,43630,271656,22203,21799,143525,5244154
29,2900.016365,23,33210,281128,18826,18470,92680,6693298
29,2900.016365,24,24908,290443,15373,15195,60899,8001977
29,2900.016365,25,18455,297209,12486,12326,38221,9466716
29,2900.016365,26,13540,301447,9925,9763,25111,11036439
29,2900.016365,27,9802,305527,7619,7502,16557,12314252
29,2900.016365,28,6597,308725,5476,5382,9977,13350129
29,2900.016365,29,5823,304561,5265,13482,7902,70023674
30,3000.017175,0,291698,21208,13833,13597,2249715,39737
30,3000.017175,1,294207,23654,15401,15316,8014114,48478
30,3000.017175,2,292100,25767,16050,16022,10253977,56070
30,3000.017175,3,290763,27427,16957,16899,10620970,61331
30,3000.017175,4,287988,29605,17810,17687,10134569,67731
30,3000.017175,5,284741,33120,19176,19072,9315440,80275
30,3000.017175,6,282335,36560,20482,20462,8167274,93358
30,3000.017175,7,278116,39667,21572,21357,7741301,105072
30,3000.017175,8,272514,45439,23497,23316,6770872,128062
30,3000.017175,9,265732,51093,24941,24754,6017015,154628
30,3000.017175,10,260969,58592,27260,26966,5396694,193552
30,3000.017175,11,250339,66905,28954,28710,4576819,236129
30,3000.017175,12,238815,80083,31727,31356,3846333,313917
30,3000.017175,13,224568,93254,33708,33128,3097919,408210
30,3000.017175,14,205506,110360,35330,34804,2546606,555168
30,3000.017175,15,188979,131259,37385,36733,1978501,758894
30,3000.017175,16,164706,153474,37893,37197,1435673,1038442
30,3000.017175,17,139714,177492,37389,36543,1054102,1420615
30,3000.017175,18,114601,204335,35834,35010,719917,1966800
30,3000.017175,19,90499,226004,32599,31967,470755,2638617
30,3000.017175,20,72475,246716,29614,29029,315998,3444452
30,3000.017175,21,55645,262642,25749,25246,208056,4440415
30,3000.017175,22,41388,276753,21529,21192,132327,5555229
30,3000.017175,23,31519,285684,18244,17899,86466,7006430
30,3000.017175,24,23651,294561,14886,14672,55392,8412276
30,3000.017175,25,17379,301197,11971,11823,35055,9911184
30,3000.017175,26,12603,305253,9411,9279,22904,11564559
30,3000.017175,27,9090,309111,7139,7042,14825,12627850
30,3000.017175,28,5906,312313,5008,4894,8805,13718725
30,3000.017175,29,5141,308086,4704,13148,6713,77341430
31,3100.017871,0,293933,21396,13961,13723,2289259,40013
31,3100.017871,1,296506,23864,15503,15417,8099937,48980
31,3100.017871,2,294320,25984,16195,16155,10355989,56481
31,3100.017871,3,293040,27691,17111,17038,10678674,61983
31,3100.017871,4,289990,29925,17977,17902,10245003,68790
31,3100.017871,5,286840,33567,19413,19302,9281230,81817
31,3100.017871,6,284455,36895,20660,20608,8276427,94149
31,3100.017871,7,279971,40367,21901,21676,7739140,107113
31,3100.017871,8,274126,46225,23766,23609,6741737,130750
31,3100.017871,9,267404,51880,25280,25101,6005342,158954
31,3100.017871,10,262245,59756,27601,27305,5363253,196580
31,3100.017871,11,251362,68346,29327,29002,4582197,242286
31,3100.017871,12,239486,81849,32288,31862,3782451,325800
31,3100.017871,13,224798,95563,34078,33702,3075071,426218
31,3100.017871,14,204961,113368,35874,35226,2484241,578195
31,3100.017871,15,187768,134894,37863,37113,1942625,791275
31,3100.017871,16,162916,157781,38177,37473,1381695,1097230
31,3100.017871,17,137358,182343,37477,36627,1011932,1491883
31,3100.017871,18,111774,209568,35779,35087,681501,2077321
31,3100.017871,19,88387,230535,32369,31726,449313,2761523
31,3100.017871,20,69957,251770,29295,28669,298816,3638679
31,3100.017871,21,53322,267329,25221,24697,194684,4582076
31,3100.017871,22,39828,280846,21107,20795,122957,5906714
31,3100.017871,23,30211,289505,17810,17554,79683,7431815
31,3100.017871,24,22403,298214,14318,14070,51907,8660914
31,3100.017871,25,16473,304530,11548,11358,32479,10224573
31,3100.017871,26,11920,308511,9002,8902,20802,11835106
31,3100.017871,27,8376,312228,6676,6581,13573,13139208
31,3100.017871,28,5413,315293,4648,4564,7745,14089746
31,3100.017871,29,4565,311100,4230,12864,5907,84041427
32,3200.018135,0,295873,21572,14085,13818,2339946,40269
32,3200.018135,1,298434,24013,15576,15544,8172439,49292
32,3200.018135,2,296240,26208,16354,16241,10471715,56940
32,3200.018135,3,294883,27885,17200,17164,10697455,62383
32,3200.018135,4,291848,30239,18140,18084,10344785,69933
32,3200.018135,5,288594,33891,19575,19472,9263747,82651
32,3200.018135,6,286225,37210,20857,20772,8279728,95156
32,3200.018135,7,281428,40954,22107,21896,7724252,108683
32,3200.018135,8,275744,46774,23984,23890,6782331,133538
32,3200.018135,9,268698,52702,25626,25364,6013490,161554
32,3200.018135,10,263385,60769,27879,27640,5350062,200631
32,3200.018135,11,252218,69576,29690,29394,4543868,250664
32,3200.018135,12,240016,83380,32681,32272,3734336,333951
32,3200.018135,13,224752,97686,34526,33952,3048729,439911
32,3200.018135,14,204589,115905,36199,35667,2439018,598049
32,3200.018135,15,186301,138430,38360,37475,1897133,824178
32,3200.018135,16,161667,161133,38391,37695,1358250,1137321
32,3200.018135,17,135109,186596,37512,36714,975574,1568799
32,3200.018135,18,109632,213853,35788,35030,648695,2155313
32,3200.018135,19,86185,234960,32143,31475,428919,2912728
32,3200.018135,20,68104,255654,28954,28342,284948,3785420
32,3200.018135,21,51438,271369,24778,24354,181872,4730012
32,3200.018135,22,38533,284211,20722,20427,116855,6247380
32,3200.018135,23,29035,292709,17349,17070,74629,7561622
32,3200.018135,24,21500,301351,13945,13744,48412,8940717
32,3200.018135,25,15762,307288,11189,11005,30480,10543256
32,3200.018135,26,11290,311189,8629,8534,19675,12473038
32,3200.018135,27,7834,314903,6346,6217,12439,13429436
32,3200.018135,28,4993,317816,4332,4267,6942,14070473
32,3200.018135,29,4059,313736,3782,12599,5147,90393480
33,3300.023367,0,297542,21686,14161,13905,2368655,40597
33,3300.023367,1,300054,24174,15667,15638,8256939,49593
33,3300.023367,2,297868,26389,16463,16355,10526457,57322
33,3300.023367,3,296436,28121,17333,17269,10790626,62760
33,3300.023367,4,293364,30444,18280,18185,10362782,70777
33,3300.023367,5,290145,34156,19664,19603,9196162,83478
33,3300.023367,6,287630,37545,21038,20948,8321902,95348
33,3300.023367,7,282911,41321,22255,22100,7778148,110715
33,3300.023367,8,276971,47313,24231,24070,6780813,135371
33,3300.023367,9,269690,53413,25872,25599,6038236,164384
33,3300.023367,10,264582,61363,28066,27943,5289915,205674
33,3300.023367,11,252654,70937,30189,29670,4545381,255301
33,3300.023367,12,240400,84780,32964,32623,3706781,340637
33,3300.023367,13,224694,99529,34852,34324,3029253,452448
33,3300.023367,14,204291,117960,36607,35995,2386489,617436
33,3300.023367,15,185231,141352,38581,37796,1857078,851234
33,3300.023367,16,160320,164231,38575,37839,1331169,1175633
33,3300.023367,17,133229,190305,37626,36743,950558,1626252
33,3300.023367,18,107818,217419,35610,34923,622156,2249708
33,3300.023367,19,84345,238538,31963,31345,412960,2994317
33,3300.023367,20,66515,259035,28657,28070,272186,3897589
33,3300.023367,21,49981,274590,24501,24018,173916,4950419
33,3300.023367,22,37475,287085,20412,20094,111810,6444608
33,3300.023367,23,28050,295479,16975,16707,70212,7784114
33,3300.023367,24,20720,303841,13594,13410,45668,9117966
33,3300.023367,25,15093,309773,10829,10665,28715,10905222
33,3300.023367,26,10835,313435,8344,8252,18586,12626664
33,3300.023367,27,7355,317189,6049,5914,11466,13737618
33,3300.023367,28,4686,319870,4086,4027,6447,13962780
33,3300.023367,29,3688,315871,3448,12382,4631,96437777
34,3400.024184,0,298947,21790,14234,13987,2402045,40841
34,3400.024184,1,301412,24304,15748,15688,8301071,49864
34,3400.024184,2,299197,26525,16544,16486,10561898,57707
34,3400.024184,3,297716,28333,17466,17333,10899045,63105
34,3400.024184,4,294782,30635,18352,18303,10374842,71133
34,3400.024184,5,291366,34343,19781,19719,9196016,84325
34,3400.024184,6,288845,37876,21177,21072,8341032,96437
34,3400.024184,7,284088,41642,22404,22264,7790794,111442
34,3400.024184,8,277969,47781,24449,24216,6799697,137536
34,3400.024184,9,270700,53996,26076,25849,6018144,166569
34,3400.024184,10,265345,62089,28304,28074,5291688,207457
34,3400.024184,11,253119,71911,30452,30047,4511957,260661
34,3400.024184,12,240884,85882,33222,32833,3667836,347186
34,3400.024184,13,224685,101004,35099,34628,3012334,463716
34,3400.024184,14,203792,120005,36925,36273,2348161,633791
34,3400.024184,15,184299,143730,38877,38139,1837814,877657
34,3400.024184,16,159106,166922,38753,37959,1305827,1214068
34,3400.024184,17,131841,193229,37657,36870,920789,1667383
34,3400.024184,18,106169,220557,35490,34689,602239,2316332
34,3400.024184,19,82825,241561,31829,31213,400864,3091144
34,3400.024184,20,64996,262058,28354,27763,262319,4001195
34,3400.024184,21,48943,277158,24238,23811,165860,5111055
34,3400.024184,22,36505,289564,20094,19790,106798,6660422
34,3400.024184,23,27320,297705,16655,16407,67747,7853408
34,3400.024184,24,20001,306092,13290,13076,43472,9436558
34,3400.024184,25,14698,311692,10667,10505,27507,11378441
34,3400.024184,26,10380,315318,8054,7943,17579,12380202
34,3400.024184,27,7013,319060,5750,5683,10626,14061485
34,3400.024184,28,4432,321623,3943,3850,6042,14171130
34,3400.024184,29,3329,317738,3131,12182,4201,101609029
35,3500.025201,0,300147,21876,14293,14050,2424764,41060
35,3500.025201,1,302546,24424,15817,15751,8377019,50101
35,3500.025201,2,300375,26646,16617,16577,10565001,57957
35,3500.025201,3,298846,28443,17510,17390,10954910,63544
35,3500.025201,4,295745,30840,18463,18392,10366019,71437
35,3500.025201,5,292469,34557,19932,19820,9282172,85044
35,3500.025201,6,289868,38125,21314,21198,8383964,96938
35,3500.025201,7,285112,41860,22468,22399,7721153,112719
35,3500.025201,8,278865,48124,24574,24384,6782674,139046
35,3500.025201,9,271361,54602,26311,26010,6058899,168047
35,3500.025201,10,266052,62684,28472,28216,5263867,210612
35,3500.025201,11,253557,72674,30692,30339,4509635,265708
35,3500.025201,12,241048,86935,33505,33028,3620514,352427
35,3500.025201,13,224708,102268,35364,34889,2995264,471965
35,3500.025201,14,203385,121626,37159,36520,2346854,649015
35,3500.025201,15,183626,145692,38981,38256,1796379,899597
35,3500.025201,16,157945,169382,38930,38060,1284961,1236938
35,3500.025201,17,130631,195645,37673,36885,896690,1718243
35,3500.025201,18,104888,223050,35395,34687,587090,2364240
35,3500.025201,19,81551,244202,31754,31092,391718,3178254
35,3500.025201,20,63994,264291,28081,27574,252048,4079210
35,3500.025201,21,47791,279508,23958,23452,161777,5194183
35,3500.025201,22,35779,291544,19924,19638,103281,6872806
35,3500.025201,23,26782,299504,16377,16202,65210,8020182
35,3500.025201,24,19414,308000,13030,12815,41654,9672137
35,3500.025201,25,14276,313277,10444,10282,26321,11618542
35,3500.025201,26,10060,316919,7846,7718,16990,12577170
35,3500.025201,27,6717,320614,5581,5495,10068,14176158
35,3500.025201,28,4199,323122,3751,3671,5640,14133240
35,3500.025201,29,3070,319265,2894,12029,3827,106157875
36,3600.028853,0,301079,21943,14347,14106,2442876,41170
36,3600.028853,1,303527,24515,15867,15786,8428103,50265
36,3600.028853,2,301259,26763,16690,16648,10643372,58241
36,3600.028853,3,299860,28555,17572,17475,10907297,63954
36,3600.028853,4,296743,30950,18512,18462,10408749,71932
36,3600.028853,5,293205,34793,20050,19903,9288638,85269
36,3600.028853,6,290751,38296,21387,21286,8435105,97243
36,3600.028853,7,285978,42090,22582,22502,7700571,113933
36,3600.028853,8,279570,48459,24705,24512,6783751,139823
36,3600.028853,9,271929,55081,26482,26166,6060533,170531
36,3600.028853,10,266623,63099,28595,28343,5244818,212342
36,3600.028853,11,253821,73485,30958,30590,4525018,269554
36,3600.028853,12,241445,87668,33639,33233,3587376,358382
36,3600.028853,13,224453,103523,35654,35022,2974661,478485
36,3600.028853,14,203142,122928,37261,36755,2324090,658270
36,3600.028853,15,183017,147374,39201,38385,1769080,918142
36,3600.028853,16,157113,171206,38993,38164,1269008,1262938
36,3600.028853,17,129589,197809,37736,36963,879704,1762917
36,3600.028853,18,103574,225447,35273,34451,577143,2403938
36,3600.028853,19,80717,245999,31602,31079,378248,3226467
36,3600.028853,20,63053,266280,27978,27398,247070,4213650
36,3600.028853,21,46987,281382,23699,23263,157603,5290273
36,3600.028853,22,35102,293309,19730,19439,99516,6990133
36,3600.028853,23,26212,301120,16212,15917,63867,8151168
36,3600.028853,24,19039,309335,12834,12714,39615,9925668
36,3600.028853,25,14011,314678,10264,10105,25897,11715528
36,3600.028853,26,9728,318347,7612,7507,16264,12746171
36,3600.028853,27,6478,321884,5461,5349,9667,14152397
36,3600.028853,28,4046,324339,3589,3546,5281,14396645
36,3600.028853,29,2813,320526,2682,11853,3499,109999634
37,3700.030040,0,301874,22000,14380,14148,2456289,41273
37,3700.030040,1,304338,24601,15921,15821,8466365,50445
37,3700.030040,2,302068,26833,16742,16728,10683784,58584
37,3700.030040,3,300607,28658,17618,17523,10907316,64183
37,3700.030040,4,297471,31056,18575,18514,10442634,72320
37,3700.030040,5,294033,34960,20138,20016,9323338,85837
37,3700.030040,6,291384,38475,21477,21324,8450813,97174
37,3700.030040,7,286579,42296,22671,22560,7662335,114928
37,3700.030040,8,280172,48726,24811,24590,6808470,140614
37,3700.030040,9,272476,55483,26642,26369,6049313,171986
37,3700.030040,10,267154,63454,28691,28532,5258973,214626
37,3700.030040,11,254161,74062,31126,30645,4491362,270986
37,3700.030040,12,241379,88421,33801,33455,3565301,363552
37,3700.030040,13,224572,104440,35809,35194,2961493,484618
37,3700.030040,14,202808,124037,37423,36860,2312335,670926
37,3700.030040,15,182522,148678,39320,38523,1742821,934153
37,3700.030040,16,156405,172922,39080,38265,1255786,1284465
37,3700.030040,17,128481,199691,37789,36940,866777,1782315
37,3700.030040,18,102673,227178,35190,34440,569579,2467486
37,3700.030040,19,80041,247645,31491,30931,368539,3268366
37,3700.030040,20,62313,267891,27852,27293,243467,4276225
37,3700.030040,21,46269,282991,23481,23076,153346,5386473
37,3700.030040,22,34626,294564,19592,19280,96539,7037821
37,3700.030040,23,25716,302515,15944,15726,62050,8309392
37,3700.030040,24,18747,310564,12747,12547,38746,10128668
37,3700.030040,25,13739,315783,10126,9992,25372,11824049
37,3700.030040,26,9461,319442,7446,7322,15676,12792669
37,3700.030040,27,6283,322980,5308,5207,9256,14214583
37,3700.030040,28,3939,325315,3511,3462,5162,14477982
37,3700.030040,29,2617,321584,2508,11732,3231,113444480
38,3800.035874,0,302584,22051,14415,14188,2466697,41361
38,3800.035874,1,304958,24655,15950,15855,8477643,50695
38,3800.035874,2,302807,26910,16791,16768,10748868,58621
38,3800.035874,3,301196,28706,17646,17582,10936119,64545
38,3800.035874,4,298155,31179,18645,18564,10414162,72671
38,3800.035874,5,294528,35053,20183,20069,9328321,86086
38,3800.035874,6,291993,38653,21560,21407,8510977,97801
38,3800.035874,7,287127,42505,22781,22623,7673227,114977
38,3800.035874,8,280784,48915,24854,24686,6766185,141388
38,3800.035874,9,272746,55824,26803,26539,6054270,173978
38,3800.035874,10,267714,63619,28721,28571,5243717,216325
38,3800.035874,11,254259,74691,31295,30811,4490928,272967
38,3800.035874,12,241602,89049,33980,33584,3544149,367821
38,3800.035874,13,224479,105110,35901,35349,2947031,492285
38,3800.035874,14,202571,125143,37654,36955,2305779,676629
38,3800.035874,15,182096,149838,39381,38632,1731671,946930
38,3800.035874,16,155756,174171,39107,38380,1238059,1308433
38,3800.035874,17,127718,201246,37823,36882,857211,1810741
38,3800.035874,18,101941,228696,35075,34410,558027,2491769
38,3800.035874,19,79339,249022,31434,30830,363212,3327880
38,3800.035874,20,61616,269254,27734,27141,238874,4330106
38,3800.035874,21,45760,284273,23292,22920,150558,5430496
38,3800.035874,22,34184,295786,19451,19136,94687,7151576
38,3800.035874,23,25434,303525,15868,15643,61419,8402696
38,3800.035874,24,18412,311566,12605,12386,37848,10176513
38,3800.035874,25,13465,316821,9998,9837,24719,11923947
38,3800.035874,26,9287,320281,7319,7226,15131,12902954
38,3800.035874,27,6132,323919,5174,5101,8960,14201938
38,3800.035874,28,3817,326134,3428,3359,5011,14584872
38,3800.035874,29,2484,322472,2376,11639,3048,116468566
39,3900.037238,0,303166,22082,14430,14220,2471655,41454
39,3900.037238,1,305526,24714,15995,15886,8505848,50771
39,3900.037238,2,303316,26998,16845,16796,10793638,58750
39,3900.037238,3,301698,28747,17668,17621,10939100,64720
39,3900.037238,4,298710,31274,18684,18607,10432328,72883
39,3900.037238,5,295108,35144,20237,20151,9374107,86543
39,3900.037238,6,292401,38786,21629,21443,8461575,97927
39,3900.037238,7,287584,42630,22809,22644,7698970,115378
39,3900.037238,8,281201,49068,24941,24795,6744108,142046
39,3900.037238,9,273167,56096,26874,26623,6060317,175011
39,3900.037238,10,268003,63863,28817,28648,5225482,217619
39,3900.037238,11,254386,75182,31434,30913,4503708,275145
39,3900.037238,12,241751,89480,34102,33713,3517042,371191
39,3900.037238,13,224441,105820,35995,35431,2958257,496356
39,3900.037238,14,202340,125898,37765,37110,2277187,682311
39,3900.037238,15,181741,150795,39460,38700,1716869,956989
39,3900.037238,16,155322,175275,39183,38456,1226040,1323113
39,3900.037238,17,126874,202710,37834,36854,852020,1832516
39,3900.037238,18,101408,229807,35034,34361,550159,2538326
39,3900.037238,19,78852,250058,31345,30804,358482,3346564
39,3900.037238,20,61036,270531,27619,27026,235796,4419086
39,3900.037238,21,45259,285326,23151,22748,147339,5470872
39,3900.037238,22,33826,296724,19376,19067,93570,7229661
39,3900.037238,23,25158,304382,15754,15492,60452,8482651
39,3900.037238,24,18257,312345,12485,12352,37079,10321910
39,3900.037238,25,13211,317734,9858,9682,24015,12005749
39,3900.037238,26,9160,320969,7239,7138,14957,12967597
39,3900.037238,27,5975,324655,5069,4993,8641,14304675
39,3900.037238,28,3727,326849,3373,3296,4907,14724112
39,3900.037238,29,2356,323214,2255,11566,2876,118768160
40,4000.052985,0,303617,22114,14448,14238,2478743,41518
40,4000.052985,1,306001,24750,16021,15920,8514657,50879
40,4000.052985,2,303743,27039,16859,16821,10804498,58860
40,4000.052985,3,302228,28812,17714,17662,10987156,64918
40,4000.052985,4,299071,31350,18729,18618,10414584,72860
40,4000.052985,5,295551,35203,20263,20210,9389747,86989
40,4000.052985,6,292792,38940,21712,21498,8464539,98118
40,4000.052985,7,288038,42692,22837,22687,7714860,115754
40,4000.052985,8,281427,49261,25017,24851,6741088,142906
40,4000.052985,9,273538,56262,26909,26685,6057753,175793
40,4000.052985,10,268247,64189,28984,28689,5219617,217879
40,4000.052985,11,254529,75554,31526,31088,4518630,278352
40,4000.052985,12,241885,89780,34135,33791,3498753,373256
40,4000.052985,13,224373,106425,36102,35492,2939527,500456
40,4000.052985,14,202195,126528,37822,37194,2267090,687952
40,4000.052985,15,181518,151554,39542,38858,1701615,967893
40,4000.052985,16,154776,176347,39280,38415,1221583,1331100
40,4000.052985,17,126256,203791,37827,36856,842753,1850365
40,4000.052985,18,100923,230778,34959,34330,544198,2566963
40,4000.052985,19,78538,250930,31323,30808,354091,3369361
40,4000.052985,20,60462,271664,27499,26875,233367,4466479
40,4000.052985,21,44880,286125,23050,22664,145411,5524277
40,4000.052985,22,33563,297492,19287,18971,91820,7263865
40,4000.052985,23,24870,305244,15618,15384,59589,8585640
40,4000.052985,24,18106,312952,12438,12276,36523,10403488
40,4000.052985,25,12990,318420,9743,9556,23628,11972984
40,4000.052985,26,9089,321634,7182,7083,14811,13149938
40,4000.052985,27,5890,325209,4979,4937,8358,14338825
40,4000.052985,28,3617,327459,3301,3212,4781,14567778
40,4000.052985,29,2261,323806,2168,11518,2768,121083300
41,4100.053213,0,304000,22147,14466,14258,2484591,41547
41,4100.053213,1,306374,24778,16042,15947,8527940,50992
41,4100.053213,2,304138,27087,16885,16827,10827398,58925
41,4100.053213,3,302560,28863,17749,17694,10980288,65076
41,4100.053213,4,299466,31397,18761,18643,10440402,73017
41,4100.053213,5,295891,35252,20287,20249,9401194,87026
41,4100.053213,6,293118,39007,21725,21547,8450403,98789
41,4100.053213,7,288375,42825,22900,22735,7724291,115888
41,4100.053213,8,281826,49396,25076,24904,6747835,143544
41,4100.053213,9,273698,56441,26994,26739,6068130,176277
41,4100.053213,10,268449,64359,29007,28722,5192051,218411
41,4100.053213,11,254602,75863,31637,31197,4523650,280067
41,4100.053213,12,242024,90157,34210,33852,3492181,375255
41,4100.053213,13,224274,106853,36177,35553,2941892,503233
41,4100.053213,14,202163,127066,37910,37318,2241699,694777
41,4100.053213,15,181299,152165,39593,38915,1695794,976237
41,4100.053213,16,154289,177193,39351,38420,1218870,1342496
41,4100.053213,17,125804,204740,37760,36861,832569,1859922
41,4100.053213,18,100546,231556,34985,34363,542128,2593474
41,4100.053213,19,78089,251760,31225,30635,349627,3391779
41,4100.053213,20,60031,272439,27444,26843,230176,4497046
41,4100.053213,21,44626,286869,22953,22604,144515,5598238
41,4100.053213,22,33391,298164,19184,18912,90379,7284570
41,4100.053213,23,24600,305888,15572,15275,58959,8672763
41,4100.053213,24,18008,313499,12356,12236,36189,10484224
41,4100.053213,25,12817,318964,9649,9444,23207,11975074
41,4100.053213,26,8995,322155,7136,7027,14679,13354836
41,4100.053213,27,5789,325709,4922,4862,8193,14143419
41,4100.053213,28,3568,327939,3234,3175,4642,14618382
41,4100.053213,29,2172,324312,2091,11466,2676,122960883
42,4200.062241,0,304335,22180,14488,14275,2492785,41575
42,4200.062241,1,306707,24800,16053,15968,8536325,51094
42,4200.062241,2,304403,27125,16911,16834,10841697,58948
42,4200.062241,3,302946,28877,17750,17724,10977254,65186
42,4200.062241,4,299688,31476,18805,18661,10473131,73203
42,4200.062241,5,296197,35289,20302,20279,9414273,87100
42,4200.062241,6,293440,39078,21762,21604,8423519,99231
42,4200.062241,7,288631,42913,22940,22759,7721346,115907
42,4200.062241,8,282069,49505,25123,24949,6763890,144275
42,4200.062241,9,273899,56573,27043,26798,6063774,176456
42,4200.062241,10,268595,64562,29080,28769,5200795,219304
42,4200.062241,11,254699,76066,31693,31287,4507351,281657
42,4200.062241,12,242134,90458,34265,33895,3491409,376274
42,4200.062241,13,224204,107257,36268,35613,2936120,506547
42,4200.062241,14,202096,127493,37961,37386,2227197,700396
42,4200.062241,15,181071,152766,39705,38943,1697174,980966
42,4200.062241,16,153935,177875,39321,38431,1207408,1351679
42,4200.062241,17,125336,205533,37761,36852,828504,1867896
42,4200.062241,18,100264,232224,34964,34357,537117,2618557
42,4200.062241,19,77816,252394,31196,30614,348583,3406327
42,4200.062241,20,59664,273113,27366,26745,227704,4517664
42,4200.062241,21,44444,287423,22871,22592,142815,5654962
42,4200.062241,22,33222,298671,19157,18862,90295,7368231
42,4200.062241,23,24374,306421,15449,15167,57543,8699405
42,4200.062241,24,17935,313949,12329,12210,35977,10532483
42,4200.062241,25,12649,319491,9553,9341,22809,12053690
42,4200.062241,26,8890,322640,7078,6965,14551,13363845
42,4200.062241,27,5728,326093,4873,4815,8085,14163659
42,4200.062241,28,3505,328351,3195,3124,4539,14547357
42,4200.062241,29,2113,324766,2025,11437,2587,124574546
43,4300.089619,0,304630,22200,14501,14289,2497880,41620
43,4300.089619,1,306969,24834,16071,15981,8555442,51150
43,4300.089619,2,304637,27140,16925,16847,10853707,58973
43,4300.089619,3,303219,28906,17765,17745,10973583,65250
43,4300.089619,4,299927,31519,18821,18689,10465319,73279
43,4300.089619,5,296435,35330,20329,20288,9426996,87282
43,4300.089619,6,293640,39129,21788,21634,8433329,99549
43,4300.089619,7,288818,43008,22995,22796,7720595,116048
43,4300.089619,8,282273,49584,25158,24975,6783297,144405
43,4300.089619,9,274049,56706,27092,26835,6061245,177069
43,4300.089619,10,268789,64672,29093,28810,5186832,219690
43,4300.089619,11,254748,76279,31761,31350,4492910,283411
43,4300.089619,12,242208,90665,34311,33959,3493645,377349
43,4300.089619,13,224181,107598,36312,35657,2937723,508385
43,4300.089619,14,202003,127834,38011,37450,2217026,702868
43,4300.089619,15,180893,153226,39736,38960,1686244,985485
43,4300.089619,16,153682,178454,39375,38499,1203247,1366089
43,4300.089619,17,124952,206174,37761,36799,826155,1871176
43,4300.089619,18,100026,232748,34941,34341,533557,2631570
43,4300.089619,19,77579,252925,31184,30620,346461,3426308
43,4300.089619,20,59393,273641,27274,26689,225019,4537248
43,4300.089619,21,44256,287922,22811,22516,142167,5702115
43,4300.089619,22,33060,299123,19120,18794,89616,7392206
43,4300.089619,23,24222,306800,15388,15117,56936,8713719
43,4300.089619,24,17842,314385,12293,12153,35659,10602134
43,4300.089619,25,12563,319811,9488,9313,22633,12139142
43,4300.089619,26,8805,322999,7021,6908,14321,13401432
43,4300.089619,27,5689,326409,4842,4782,8034,14171666
43,4300.089619,28,3438,328722,3151,3071,4460,14497392
43,4300.089619,29,2068,325104,1974,11410,2524,125837999
44,4400.098889,0,304844,22223,14522,14299,2504435,41644
44,4400.098889,1,307217,24845,16070,16000,8559978,51195
44,4400.098889,2,304814,27164,16944,16857,10885749,59038
44,4400.098889,3,303468,28944,17790,17754,10975311,65271
44,4400.098889,4,300118,31558,18845,18713,10465821,73288
44,4400.098889,5,296666,35357,20335,20299,9454978,87473
44,4400.098889,6,293821,39178,21806,21664,8402532,99787
44,4400.098889,7,289017,43061,23026,22824,7724797,116184
44,4400.098889,8,282351,49696,25200,25027,6778539,144795
44,4400.098889,9,274280,56777,27100,26861,6068751,177664
44,4400.098889,10,268886,64818,29150,28821,5165847,219772
44,4400.098889,11,254839,76467,31807,31421,4505868,284089
44,4400.098889,12,242179,90789,34354,33980,3485576,378877
44,4400.098889,13,224196,107894,36339,35740,2927223,510141
44,4400.098889,14,201923,128139,38073,37455,2222951,705912
44,4400.098889,15,180764,153653,39772,39005,1676903,990756
44,4400.098889,16,153477,178938,39401,38507,1196201,1373010
44,4400.098889,17,124657,206627,37710,36843,822369,1876329
44,4400.098889,18,99767,233223,34970,34272,530654,2640718
44,4400.098889,19,77356,253424,31137,30618,344557,3448108
44,4400.098889,20,59189,274126,27242,26635,223657,4558412
44,4400.098889,21,44092,288296,22777,22444,141397,5727539
44,4400.098889,22,32892,299511,19079,18742,89189,7408570
44,4400.098889,23,24151,307164,15313,15111,56401,8784856
44,4400.098889,24,17760,314663,12251,12104,35441,10604584
44,4400.098889,25,12487,320148,9467,9281,22447,12245375
44,4400.098889,26,8723,323348,6966,6852,14180,13369248
44,4400.098889,27,5655,326664,4809,4758,7948,14291435
44,4400.098889,28,3388,328999,3104,3021,4391,14385085
44,4400.098889,29,2023,325403,1939,11383,2477,126931092
45,4500.100011,0,305026,22245,14541,14317,2513425,41708
45,4500.100011,1,307411,24853,16072,16001,8558753,51227
45,4500.100011,2,305005,27191,16958,16867,10887217,59001
45,4500.100011,3,303641,28949,17795,17771,10982815,65368
45,4500.100011,4,300233,31585,18862,18712,10484308,73334
45,4500.100011,5,296905,35403,20352,20314,9450296,87533
45,4500.100011,6,293944,39233,21840,21689,8405060,99925
45,4500.100011,7,289149,43101,23031,22841,7727852,116268
45,4500.100011,8,282547,49725,25213,25067,6778050,145154
45,4500.100011,9,274332,56851,27137,26882,6055778,178330
45,4500.100011,10,268966,64960,29203,28855,5177381,219920
45,4500.100011,11,254993,76571,31807,31449,4504067,284897
45,4500.100011,12,242206,90977,34402,34015,3476182,379420
45,4500.100011,13,224136,108124,36408,35784,2932132,511485
45,4500.100011,14,201876,128407,38094,37508,2209518,708951
45,4500.100011,15,180665,153940,39800,39047,1676566,992951
45,4500.100011,16,153259,179330,39409,38500,1192547,1380103
45,4500.100011,17,124466,207048,37698,36838,818118,1884966
45,4500.100011,18,99492,233741,34973,34242,529061,2652183
45,4500.100011,19,77258,253631,31099,30601,343777,3457303
45,4500.100011,20,59002,274530,27194,26625,221711,4586150
45,4500.100011,21,43924,288707,22778,22392,141375,5753207
45,4500.100011,22,32776,299803,19032,18718,88318,7455466
45,4500.100011,23,24059,307449,15276,15044,56124,8749641
45,4500.100011,24,17691,314962,12230,12081,35199,10641245
45,4500.100011,25,12410,320403,9393,9244,22140,12298325
45,4500.100011,26,8665,323566,6956,6812,14140,13386733
45,4500.100011,27,5634,326921,4772,4742,7933,14462053
45,4500.100011,28,3348,329245,3066,2988,4300,14292403
45,4500.100011,29,1983,325632,1909,11357,2427,127779089
46,4600.111200,0,305187,22253,14546,14323,2514295,41734
46,4600.111200,1,307555,24868,16084,16009,8565698,51237
46,4600.111200,2,305156,27207,16968,16884,10901722,59040
46,4600.111200,3,303762,28963,17804,17773,10972755,65390
46,4600.111200,4,300403,31631,18886,18728,10493607,73437
46,4600.111200,5,296991,35427,20356,20321,9451758,87556
46,4600.111200,6,294104,39246,21857,21710,8394874,100085
46,4600.111200,7,289261,43146,23046,22857,7747633,116387
46,4600.111200,8,282646,49770,25229,25085,6776869,145390
46,4600.111200,9,274506,56915,27152,26907,6045698,178559
46,4600.111200,10,268991,65058,29251,28880,5182459,220021
46,4600.111200,11,255045,76658,31801,31473,4501359,285941
46,4600.111200,12,242252,91141,34463,34046,3474347,379696
46,4600.111200,13,224062,108324,36430,35794,2928987,513263
46,4600.111200,14,201823,128607,38138,37528,2203984,710457
46,4600.111200,15,180583,154158,39803,39094,1674557,995156
46,4600.111200,16,153088,179621,39388,38516,1188177,1386676
46,4600.111200,17,124292,207390,37705,36827,816478,1889011
46,4600.111200,18,99344,234070,34999,34246,528087,2661352
46,4600.111200,19,77119,253981,31099,30564,342064,3470835
46,4600.111200,20,58843,274843,27144,26612,220706,4598027
46,4600.111200,21,43878,288899,22746,22383,140952,5814558
46,4600.111200,22,32663,300067,18991,18680,88066,7421420
46,4600.111200,23,23975,307664,15262,15016,55752,8808975
46,4600.111200,24,17598,315232,12205,12022,35156,10605388
46,4600.111200,25,12371,320639,9332,9225,21935,12282984
46,4600.111200,26,8633,323731,6927,6794,14029,13519749
46,4600.111200,27,5592,327132,4765,4708,7900,14489354
46,4600.111200,28,3320,329426,3042,2964,4273,14244125
46,4600.111200,29,1959,325819,1881,11354,2393,128495329
47,4700.122582,0,305315,22261,14548,14333,2516280,41774
47,4700.122582,1,307674,24882,16094,16011,8580331,51262
47,4700.122582,2,305285,27218,16971,16897,10902010,59062
47,4700.122582,3,303856,28980,17818,17787,10977554,65464
47,4700.122582,4,300535,31641,18895,18736,10481472,73500
47,4700.122582,5,297127,35458,20376,20315,9469148,87494
47,4700.122582,6,294216,39251,21841,21744,8397280,100220
47,4700.122582,7,289355,43191,23068,22858,7732461,116465
47,4700.122582,8,282717,49820,25264,25109,6780995,145588
47,4700.122582,9,274548,56954,27164,26900,6060141,178543
47,4700.122582,10,269113,65129,29251,28913,5169595,220143
47,4700.122582,11,255101,76712,31832,31531,4498167,287126
47,4700.122582,12,242221,91329,34528,34023,3476921,380012
47,4700.122582,13,224095,108418,36428,35834,2926738,513995
47,4700.122582,14,201731,128873,38182,37553,2200573,712559
47,4700.122582,15,180491,154357,39819,39131,1669804,998821
47,4700.122582,16,152969,179849,39388,38507,1186452,1389787
47,4700.122582,17,124162,207721,37727,36853,813497,1896261
47,4700.122582,18,99206,234274,34942,34241,526818,2666164
47,4700.122582,19,76987,254270,31100,30524,341342,3476835
47,4700.122582,20,58723,275085,27140,26570,220053,4610434
47,4700.122582,21,43809,289102,22701,22372,140391,5829317
47,4700.122582,22,32529,300322,18969,18628,87957,7437743
47,4700.122582,23,23955,307845,15228,15016,55232,8851393
47,4700.122582,24,17563,315408,12170,12005,35039,10618485
47,4700.122582,25,12320,320832,9337,9190,21951,12262822
47,4700.122582,26,8597,323865,6894,6773,13898,13555205
47,4700.122582,27,5570,327307,4738,4689,7846,14516089
47,4700.122582,28,3297,329564,3025,2949,4265,14176345
47,4700.122582,29,1935,325969,1862,11341,2359,129170323
48,4800.156177,0,305420,22270,14553,14340,2517837,41796
48,4800.156177,1,307778,24890,16098,16018,8583338,51295
48,4800.156177,2,305383,27223,16974,16899,10899326,59067
48,4800.156177,3,303962,28987,17823,17793,10987719,65505
48,4800.156177,4,300587,31684,18912,18744,10480942,73474
48,4800.156177,5,297259,35458,20377,20327,9470939,87656
48,4800.156177,6,294291,39275,21856,21753,8419671,100236
48,4800.156177,7,289453,43222,23086,22865,7715631,116521
48,4800.156177,8,282803,49846,25264,25126,6783530,145637
48,4800.156177,9,274626,56981,27179,26928,6056978,178797
48,4800.156177,10,269119,65199,29268,28923,5179888,220334
48,4800.156177,11,255147,76797,31870,31560,4488349,287592
48,4800.156177,12,242273,91425,34534,34039,3468976,380626
48,4800.156177,13,224014,108574,36462,35865,2929495,515482
48,4800.156177,14,201673,128954,38176,37547,2195888,713366
48,4800.156177,15,180460,154563,39869,39135,1667909,999413
48,4800.156177,16,152872,180017,39372,38518,1183607,1391823
48,4800.156177,17,124056,207976,37730,36875,812575,1902511
48,4800.156177,18,99113,234497,34942,34238,525954,2677771
48,4800.156177,19,76860,254463,31080,30492,341149,3476159
48,4800.156177,20,58597,275323,27124,26543,219121,4611043
48,4800.156177,21,43748,289282,22687,22354,140185,5846917
48,4800.156177,22,32491,300485,18926,18628,87509,7472252
48,4800.156177,23,23899,308001,15216,14971,54996,8830453
48,4800.156177,24,17515,315523,12149,11996,34963,10642393
48,4800.156177,25,12294,321021,9329,9181,21893,12290269
48,4800.156177,26,8575,323993,6876,6758,13795,13608373
48,4800.156177,27,5534,327453,4713,4656,7835,14439503
48,4800.156177,28,3286,329683,3017,2940,4237,14211302
48,4800.156177,29,1915,326090,1839,11325,2336,129677267
49,4900.180562,0,305510,22273,14554,14344,2518161,41803
49,4900.180562,1,307848,24900,16104,16021,8588269,51307
49,4900.180562,2,305479,27232,16978,16904,10906525,59158
49,4900.180562,3,304029,28997,17834,17799,10982529,65469
49,4900.180562,4,300652,31703,18915,18747,10484128,73460
49,4900.180562,5,297345,35473,20396,20338,9477555,87731
49,4900.180562,6,294362,39285,21853,21753,8427172,100198
49,4900.180562,7,289516,43259,23091,22885,7717629,116785
49,4900.180562,8,282868,49870,25274,25141,6778737,145591
49,4900.180562,9,274701,56988,27198,26937,6054144,179208
49,4900.180562,10,269176,65259,29271,28948,5169182,220581
49,4900.180562,11,255151,76878,31915,31559,4495245,287472
49,4900.180562,12,242250,91496,34557,34058,3472550,381201
49,4900.180562,13,224037,108660,36439,35881,2916060,516758
49,4900.180562,14,201623,129120,38243,37540,2200046,713198
49,4900.180562,15,180451,154677,39854,39201,1663720,1001303
49,4900.180562,16,152802,180218,39379,38503,1182602,1395699
49,4900.180562,17,123922,208150,37742,36883,812369,1905118
49,4900.180562,18,99014,234689,34904,34213,524419,2681384
49,4900.180562,19,76773,254635,31084,30482,340175,3478452
49,4900.180562,20,58508,275536,27108,26512,218678,4621038
49,4900.180562,21,43681,289406,22665,22339,139652,5853768
49,4900.180562,22,32464,300634,18918,18632,87409,7483374
49,4900.180562,23,23862,308111,15199,14951,54861,8877043
49,4900.180562,24,17501,315621,12127,11996,34863,10627927
49,4900.180562,25,12241,321161,9304,9148,21783,12319338
49,4900.180562,26,8549,324128,6860,6738,13748,13557033
49,4900.180562,27,5513,327547,4709,4643,7845,14475239
49,4900.180562,28,3269,329802,3003,2924,4203,14208526
49,4900.180562,29,1907,326197,1824,11327,2313,130120715
50,5000.185509,0,305586,22276,14557,14347,2518862,41809
50,5000.185509,1,307907,24908,16107,16025,8595179,51350
50,5000.185509,2,305545,27240,16984,16912,10907610,59167
50,5000.185509,3,304087,29015,17843,17802,10987739,65446
50,5000.185509,4,300746,31708,18923,18753,10479675,73563
50,5000.185509,5,297390,35477,20394,20346,9473405,87821
50,5000.185509,6,294433,39312,21876,21762,8430024,100329
50,5000.185509,7,289584,43289,23092,22882,7721290,116663
50,5000.185509,8,282885,49883,25286,25147,6784637,145636
50,5000.185509,9,274765,57034,27212,26950,6046952,179359
50,5000.185509,10,269212,65270,29273,28966,5172280,220810
50,5000.185509,11,255174,76939,31933,31574,4492513,287691
50,5000.185509,12,242274,91539,34554,34066,3470699,381377
50,5000.185509,13,223999,108783,36464,35892,2915217,517680
50,5000.185509,14,201651,129190,38255,37567,2201780,713946
50,5000.185509,15,180396,154798,39867,39208,1658062,1002933
50,5000.185509,16,152724,180398,39395,38517,1183907,1397976
50,5000.185509,17,123783,208338,37759,36857,809892,1905884
50,5000.185509,18,98966,234839,34875,34229,523247,2687087
50,5000.185509,19,76716,254732,31088,30465,339400,3483039
50,5000.185509,20,58435,275724,27054,26493,218303,4626267
50,5000.185509,21,43629,289473,22664,22330,139288,5868135
50,5000.185509,22,32418,300795,18904,18611,87293,7482090
50,5000.185509,23,23848,308205,15195,14959,54863,8924745
50,5000.185509,24,17437,315752,12122,11950,34776,10591383
50,5000.185509,25,12236,321248,9284,9150,21653,12356227
50,5000.185509,26,8530,324238,6841,6727,13732,13537356
50,5000.185509,27,5492,327627,4707,4629,7836,14502838
50,5000.185509,28,3266,329889,2981,2920,4156,14223704
50,5000.185509,29,1890,326288,1813,11319,2302,130462746
